{"v":"5.9.6","fr":24,"ip":0,"op":141,"w":1620,"h":2160,"nm":"Comp 1","ddd":0,"assets":[{"id":"comp_0","nm":"Deco-1","fr":24,"layers":[{"ddd":0,"ind":1,"ty":4,"nm":"Star-6","sr":1,"ks":{"o":{"a":1,"k":[{"i":{"x":[0.667],"y":[1]},"o":{"x":[0.333],"y":[0]},"t":68,"s":[100]},{"t":79,"s":[0]}],"ix":11},"r":{"a":1,"k":[{"i":{"x":[0.667],"y":[1]},"o":{"x":[0.333],"y":[0]},"t":10,"s":[0]},{"t":79,"s":[-1440]}],"ix":10},"p":{"a":1,"k":[{"i":{"x":0.626,"y":1},"o":{"x":0.982,"y":0.034},"t":3,"s":[581.821,1364.621,0],"to":[107.502,-302.64,0],"ti":[130,45.503,0]},{"i":{"x":0.683,"y":0.853},"o":{"x":0.351,"y":0},"t":23,"s":[698,333.503,0],"to":[-130,-45.503,0],"ti":[14.146,-96.644,0]},{"i":{"x":0.678,"y":0.762},"o":{"x":0.348,"y":0.191},"t":38,"s":[297.237,674.028,0],"to":[-14.146,96.644,0],"ti":[118.605,-139.956,0]},{"i":{"x":0.653,"y":1},"o":{"x":0.335,"y":0.363},"t":54,"s":[532.021,1073.419,0],"to":[-118.605,139.956,0],"ti":[30.507,-144.884,0]},{"t":79,"s":[274,1541.503,0]}],"ix":2,"l":2},"a":{"a":0,"k":[0,0,0],"ix":1,"l":2},"s":{"a":0,"k":[80,80,100],"ix":6,"l":2}},"ao":0,"shapes":[{"ty":"gr","it":[{"ind":0,"ty":"sh","ix":1,"ks":{"a":0,"k":{"i":[[0,0],[0,0],[0,0],[0,0],[0,0],[0,0],[0,0],[0,0],[0,0],[0,0]],"o":[[0,0],[0,0],[0,0],[0,0],[0,0],[0,0],[0,0],[0,0],[0,0],[0,0]],"v":[[0,-34.694],[11.273,-11.853],[36.48,-8.19],[18.24,9.589],[22.546,34.694],[0,22.841],[-22.546,34.694],[-18.24,9.589],[-36.48,-8.19],[-11.273,-11.853]],"c":true},"ix":2},"nm":"Path 1","mn":"ADBE Vector Shape - Group","hd":false},{"ty":"fl","c":{"a":0,"k":[0.180392156863,0.960784373564,0.498039245605,1],"ix":4},"o":{"a":0,"k":100,"ix":5},"r":1,"bm":0,"nm":"Fill 1","mn":"ADBE Vector Graphic - Fill","hd":false},{"ty":"tr","p":{"a":0,"k":[0,0],"ix":2},"a":{"a":0,"k":[0,0],"ix":1},"s":{"a":0,"k":[100,100],"ix":3},"r":{"a":0,"k":0,"ix":6},"o":{"a":0,"k":100,"ix":7},"sk":{"a":0,"k":0,"ix":4},"sa":{"a":0,"k":0,"ix":5},"nm":"Transform"}],"nm":"Group 1","np":2,"cix":2,"bm":0,"ix":1,"mn":"ADBE Vector Group","hd":false}],"ip":1,"op":78,"st":2,"ct":1,"bm":0},{"ddd":0,"ind":2,"ty":4,"nm":"Star-5","sr":1,"ks":{"o":{"a":1,"k":[{"i":{"x":[0.667],"y":[1]},"o":{"x":[0.333],"y":[0]},"t":61,"s":[100]},{"t":72,"s":[0]}],"ix":11},"r":{"a":1,"k":[{"i":{"x":[0.667],"y":[1]},"o":{"x":[0.333],"y":[0]},"t":10,"s":[-42]},{"t":72,"s":[1440]}],"ix":10},"p":{"a":1,"k":[{"i":{"x":0.644,"y":1},"o":{"x":1,"y":0},"t":2,"s":[754,1345.503,0],"to":[43.333,-636.667,0],"ti":[-286,13.503,0]},{"i":{"x":0.683,"y":0.881},"o":{"x":0.351,"y":0},"t":16,"s":[734,349.503,0],"to":[286,-13.503,0],"ti":[-24.1,-58.982,0]},{"i":{"x":0.678,"y":0.703},"o":{"x":0.348,"y":0.237},"t":31,"s":[885.237,942.028,0],"to":[37.854,92.644,0],"ti":[-55.386,-104.612,0]},{"i":{"x":0.653,"y":1},"o":{"x":0.335,"y":0.369},"t":47,"s":[1204.021,1181.419,0],"to":[97.395,183.956,0],"ti":[-33.493,-92.884,0]},{"t":72,"s":[1266,1701.503,0]}],"ix":2,"l":2},"a":{"a":0,"k":[0,0,0],"ix":1,"l":2},"s":{"a":0,"k":[80,80,100],"ix":6,"l":2}},"ao":0,"shapes":[{"ty":"gr","it":[{"ind":0,"ty":"sh","ix":1,"ks":{"a":0,"k":{"i":[[0,0],[0,0],[0,0],[0,0],[0,0],[0,0],[0,0],[0,0],[0,0],[0,0]],"o":[[0,0],[0,0],[0,0],[0,0],[0,0],[0,0],[0,0],[0,0],[0,0],[0,0]],"v":[[0,-34.694],[11.273,-11.853],[36.48,-8.19],[18.24,9.589],[22.546,34.694],[0,22.841],[-22.546,34.694],[-18.24,9.589],[-36.48,-8.19],[-11.273,-11.853]],"c":true},"ix":2},"nm":"Path 1","mn":"ADBE Vector Shape - Group","hd":false},{"ty":"fl","c":{"a":0,"k":[0.996078491211,0.56862745098,0.180392156863,1],"ix":4},"o":{"a":0,"k":100,"ix":5},"r":1,"bm":0,"nm":"Fill 1","mn":"ADBE Vector Graphic - Fill","hd":false},{"ty":"tr","p":{"a":0,"k":[0,0],"ix":2},"a":{"a":0,"k":[0,0],"ix":1},"s":{"a":0,"k":[100,100],"ix":3},"r":{"a":0,"k":0,"ix":6},"o":{"a":0,"k":100,"ix":7},"sk":{"a":0,"k":0,"ix":4},"sa":{"a":0,"k":0,"ix":5},"nm":"Transform"}],"nm":"Group 1","np":2,"cix":2,"bm":0,"ix":1,"mn":"ADBE Vector Group","hd":false}],"ip":2,"op":71,"st":2,"ct":1,"bm":0},{"ddd":0,"ind":3,"ty":4,"nm":"Layer 6","sr":1,"ks":{"o":{"a":1,"k":[{"i":{"x":[0.667],"y":[1]},"o":{"x":[0.333],"y":[0]},"t":66,"s":[100]},{"t":77,"s":[0]}],"ix":11},"r":{"a":1,"k":[{"i":{"x":[0.667],"y":[1]},"o":{"x":[0.333],"y":[0]},"t":7,"s":[-42]},{"t":22,"s":[106]}],"ix":10,"x":"var $bm_rt;\n$bm_rt = loopOut('offset');"},"p":{"a":1,"k":[{"i":{"x":0.644,"y":1},"o":{"x":1,"y":0},"t":-1,"s":[686,825.503,0],"to":[8,-83.333,0],"ti":[322,-6.497,0]},{"i":{"x":0.716,"y":0.96},"o":{"x":0.385,"y":0},"t":11,"s":[734,325.503,0],"to":[-322,6.497,0],"ti":[-12.089,-109.92,0]},{"i":{"x":0.588,"y":1},"o":{"x":0.912,"y":0.213},"t":22,"s":[267.911,614.08,0],"to":[12.089,109.92,0],"ti":[1.263,-118.738,0]},{"i":{"x":0.667,"y":1},"o":{"x":0.333,"y":0},"t":35,"s":[570,893.503,0],"to":[-1.263,118.738,0],"ti":[8,-113.333,0]},{"i":{"x":0.667,"y":1},"o":{"x":0.333,"y":0},"t":48,"s":[346,1069.503,0],"to":[-8,113.333,0],"ti":[44.667,-116,0]},{"i":{"x":0.667,"y":1},"o":{"x":0.333,"y":0},"t":60,"s":[502,1353.503,0],"to":[-44.667,116,0],"ti":[50.667,-118.667,0]},{"i":{"x":0.667,"y":1},"o":{"x":0.333,"y":0},"t":72,"s":[62,1353.503,0],"to":[-50.667,118.667,0],"ti":[-26.667,-36.667,0]},{"t":83,"s":[-42,1877.503,0]}],"ix":2,"l":2},"a":{"a":0,"k":[0,0,0],"ix":1,"l":2},"s":{"a":1,"k":[{"i":{"x":[0.667,0.667,0.667],"y":[1,1,1]},"o":{"x":[0.333,0.333,0.333],"y":[0,0,0]},"t":11,"s":[30,100,100]},{"i":{"x":[0.667,0.667,0.667],"y":[1,1,1]},"o":{"x":[0.333,0.333,0.333],"y":[0,0,0]},"t":16,"s":[60,0,100]},{"t":22,"s":[30,100,100]}],"ix":6,"l":2,"x":"var $bm_rt;\n$bm_rt = loopOut('pingpong');"}},"ao":0,"shapes":[{"ty":"gr","it":[{"ind":0,"ty":"sh","ix":1,"ks":{"a":0,"k":{"i":[[15.847,0],[0.526,0.02],[6.012,14.652],[0,0],[-5.91,-0.22],[-4.45,8.9],[0,0]],"o":[[-0.522,0],[-16.074,-0.598],[0,0],[2.15,5.242],[3.6,0.12],[0,0],[-7.64,15.278]],"v":[[0.275,17.941],[-1.297,17.912],[-37.653,-7.192],[-13.599,-17.061],[-0.33,-8.07],[14.399,-17.941],[37.653,-6.312]],"c":true},"ix":2},"nm":"Path 1","mn":"ADBE Vector Shape - Group","hd":false},{"ty":"fl","c":{"a":0,"k":[0.047058827269,0.662745098039,0.85882358925,1],"ix":4},"o":{"a":0,"k":100,"ix":5},"r":1,"bm":0,"nm":"Fill 1","mn":"ADBE Vector Graphic - Fill","hd":false},{"ty":"tr","p":{"a":0,"k":[0,0],"ix":2},"a":{"a":0,"k":[0,0],"ix":1},"s":{"a":0,"k":[100,100],"ix":3},"r":{"a":0,"k":0,"ix":6},"o":{"a":0,"k":100,"ix":7},"sk":{"a":0,"k":0,"ix":4},"sa":{"a":0,"k":0,"ix":5},"nm":"Transform"}],"nm":"Group 1","np":2,"cix":2,"bm":0,"ix":1,"mn":"ADBE Vector Group","hd":false}],"ip":0,"op":83,"st":-1,"ct":1,"bm":0},{"ddd":0,"ind":4,"ty":4,"nm":"Layer 2","sr":1,"ks":{"o":{"a":1,"k":[{"i":{"x":[0.667],"y":[1]},"o":{"x":[0.333],"y":[0]},"t":66,"s":[100]},{"t":77,"s":[0]}],"ix":11},"r":{"a":1,"k":[{"i":{"x":[0.667],"y":[1]},"o":{"x":[0.333],"y":[0]},"t":7,"s":[-42]},{"t":22,"s":[106]}],"ix":10,"x":"var $bm_rt;\n$bm_rt = loopOut('offset');"},"p":{"a":1,"k":[{"i":{"x":0.644,"y":1},"o":{"x":1,"y":0},"t":-1,"s":[894,1245.503,0],"to":[-72.667,-132.667,0],"ti":[-136.039,96.001,0]},{"i":{"x":0.588,"y":1},"o":{"x":0.385,"y":0},"t":11,"s":[458,449.503,0],"to":[136.039,-96.001,0],"ti":[-54.737,-74.738,0]},{"i":{"x":0.667,"y":1},"o":{"x":0.333,"y":0},"t":35,"s":[1202,865.503,0],"to":[54.737,74.738,0],"ti":[-40,-49.333,0]},{"i":{"x":0.667,"y":1},"o":{"x":0.333,"y":0},"t":48,"s":[1054,1061.503,0],"to":[40,49.333,0],"ti":[-63.333,-64,0]},{"i":{"x":0.667,"y":1},"o":{"x":0.333,"y":0},"t":60,"s":[1274,1205.503,0],"to":[63.333,64,0],"ti":[-33.333,-102.667,0]},{"i":{"x":0.667,"y":1},"o":{"x":0.333,"y":0},"t":72,"s":[1074,1409.503,0],"to":[33.333,102.667,0],"ti":[-45.333,-24,0]},{"t":83,"s":[1346,1553.503,0]}],"ix":2,"l":2},"a":{"a":0,"k":[0,0,0],"ix":1,"l":2},"s":{"a":1,"k":[{"i":{"x":[0.667,0.667,0.667],"y":[1,1,1]},"o":{"x":[0.333,0.333,0.333],"y":[0,0,0]},"t":11,"s":[30,100,100]},{"i":{"x":[0.667,0.667,0.667],"y":[1,1,1]},"o":{"x":[0.333,0.333,0.333],"y":[0,0,0]},"t":16,"s":[60,0,100]},{"t":22,"s":[30,100,100]}],"ix":6,"l":2,"x":"var $bm_rt;\n$bm_rt = loopOut('pingpong');"}},"ao":0,"shapes":[{"ty":"gr","it":[{"ind":0,"ty":"sh","ix":1,"ks":{"a":0,"k":{"i":[[15.847,0],[0.526,0.02],[6.012,14.652],[0,0],[-5.91,-0.22],[-4.45,8.9],[0,0]],"o":[[-0.522,0],[-16.074,-0.598],[0,0],[2.15,5.242],[3.6,0.12],[0,0],[-7.64,15.278]],"v":[[0.275,17.941],[-1.297,17.912],[-37.653,-7.192],[-13.599,-17.061],[-0.33,-8.07],[14.399,-17.941],[37.653,-6.312]],"c":true},"ix":2},"nm":"Path 1","mn":"ADBE Vector Shape - Group","hd":false},{"ty":"fl","c":{"a":0,"k":[0.180392156863,0.960784373564,0.498039245605,1],"ix":4},"o":{"a":0,"k":100,"ix":5},"r":1,"bm":0,"nm":"Fill 1","mn":"ADBE Vector Graphic - Fill","hd":false},{"ty":"tr","p":{"a":0,"k":[0,0],"ix":2},"a":{"a":0,"k":[0,0],"ix":1},"s":{"a":0,"k":[100,100],"ix":3},"r":{"a":0,"k":0,"ix":6},"o":{"a":0,"k":100,"ix":7},"sk":{"a":0,"k":0,"ix":4},"sa":{"a":0,"k":0,"ix":5},"nm":"Transform"}],"nm":"Group 1","np":2,"cix":2,"bm":0,"ix":1,"mn":"ADBE Vector Group","hd":false}],"ip":-2,"op":83,"st":-1,"ct":1,"bm":0},{"ddd":0,"ind":5,"ty":4,"nm":"Star-4","sr":1,"ks":{"o":{"a":1,"k":[{"i":{"x":[0.667],"y":[1]},"o":{"x":[0.333],"y":[0]},"t":66,"s":[100]},{"t":77,"s":[0]}],"ix":11},"r":{"a":1,"k":[{"i":{"x":[0.667],"y":[1]},"o":{"x":[0.333],"y":[0]},"t":7,"s":[-42]},{"t":22,"s":[106]}],"ix":10,"x":"var $bm_rt;\n$bm_rt = loopOut('offset');"},"p":{"a":1,"k":[{"i":{"x":0.644,"y":1},"o":{"x":1,"y":0},"t":-1,"s":[686,825.503,0],"to":[4,-49.333,0],"ti":[-302,57.503,0]},{"i":{"x":0.716,"y":0.979},"o":{"x":0.385,"y":0},"t":11,"s":[710,529.503,0],"to":[302,-57.503,0],"ti":[-36.089,-49.92,0]},{"i":{"x":0.588,"y":1},"o":{"x":0.912,"y":0.359},"t":16,"s":[891.911,922.08,0],"to":[36.089,49.92,0],"ti":[-54.737,-74.738,0]},{"i":{"x":0.667,"y":1},"o":{"x":0.333,"y":0},"t":29,"s":[1122,1013.503,0],"to":[54.737,74.738,0],"ti":[-40,-49.333,0]},{"i":{"x":0.667,"y":1},"o":{"x":0.333,"y":0},"t":42,"s":[974,1209.503,0],"to":[40,49.333,0],"ti":[-63.333,-64,0]},{"i":{"x":0.667,"y":1},"o":{"x":0.333,"y":0},"t":54,"s":[1194,1353.503,0],"to":[63.333,64,0],"ti":[-33.333,-102.667,0]},{"i":{"x":0.667,"y":1},"o":{"x":0.333,"y":0},"t":66,"s":[994,1557.503,0],"to":[33.333,102.667,0],"ti":[-45.333,-24,0]},{"t":77,"s":[1266,1701.503,0]}],"ix":2,"l":2},"a":{"a":0,"k":[0,0,0],"ix":1,"l":2},"s":{"a":1,"k":[{"i":{"x":[0.667,0.667,0.667],"y":[1,1,1]},"o":{"x":[0.333,0.333,0.333],"y":[0,0,0]},"t":11,"s":[30,100,100]},{"i":{"x":[0.667,0.667,0.667],"y":[1,1,1]},"o":{"x":[0.333,0.333,0.333],"y":[0,0,0]},"t":16,"s":[100,0,100]},{"t":22,"s":[30,100,100]}],"ix":6,"l":2,"x":"var $bm_rt;\n$bm_rt = loopOut('pingpong');"}},"ao":0,"shapes":[{"ty":"gr","it":[{"ind":0,"ty":"sh","ix":1,"ks":{"a":0,"k":{"i":[[0,0],[0,0],[0,0],[0,0],[0,0],[0,0],[0,0],[0,0],[0,0],[0,0]],"o":[[0,0],[0,0],[0,0],[0,0],[0,0],[0,0],[0,0],[0,0],[0,0],[0,0]],"v":[[0,-34.694],[11.273,-11.853],[36.48,-8.19],[18.24,9.589],[22.546,34.694],[0,22.841],[-22.546,34.694],[-18.24,9.589],[-36.48,-8.19],[-11.273,-11.853]],"c":true},"ix":2},"nm":"Path 1","mn":"ADBE Vector Shape - Group","hd":false},{"ty":"fl","c":{"a":0,"k":[0.996078491211,0.56862745098,0.180392156863,1],"ix":4},"o":{"a":0,"k":100,"ix":5},"r":1,"bm":0,"nm":"Fill 1","mn":"ADBE Vector Graphic - Fill","hd":false},{"ty":"tr","p":{"a":0,"k":[0,0],"ix":2},"a":{"a":0,"k":[0,0],"ix":1},"s":{"a":0,"k":[100,100],"ix":3},"r":{"a":0,"k":0,"ix":6},"o":{"a":0,"k":100,"ix":7},"sk":{"a":0,"k":0,"ix":4},"sa":{"a":0,"k":0,"ix":5},"nm":"Transform"}],"nm":"Group 1","np":2,"cix":2,"bm":0,"ix":1,"mn":"ADBE Vector Group","hd":false}],"ip":0,"op":77,"st":-1,"ct":1,"bm":0},{"ddd":0,"ind":6,"ty":4,"nm":"Squeare2","sr":1,"ks":{"o":{"a":1,"k":[{"i":{"x":[0.667],"y":[1]},"o":{"x":[0.333],"y":[0]},"t":66,"s":[100]},{"t":77,"s":[0]}],"ix":11},"r":{"a":1,"k":[{"i":{"x":[0.667],"y":[1]},"o":{"x":[0.333],"y":[0]},"t":7,"s":[-42]},{"t":22,"s":[106]}],"ix":10,"x":"var $bm_rt;\n$bm_rt = loopOut('offset');"},"p":{"a":1,"k":[{"i":{"x":0.644,"y":1},"o":{"x":1,"y":0},"t":-1,"s":[662,1141.503,0],"to":[44.667,-131.333,0],"ti":[-626.233,86.688,0]},{"i":{"x":0.716,"y":0.877},"o":{"x":0.385,"y":0},"t":11,"s":[930,353.503,0],"to":[5.577,-1.583,0],"ti":[-5.691,-0.6,0]},{"i":{"x":0.588,"y":1},"o":{"x":0.912,"y":0.179},"t":16,"s":[1015.911,330.08,0],"to":[102.473,10.8,0],"ti":[-22.737,-82.738,0]},{"i":{"x":0.667,"y":1},"o":{"x":0.333,"y":0},"t":29,"s":[1190,793.503,0],"to":[24,87.333,0],"ti":[-4.667,-36.667,0]},{"i":{"x":0.667,"y":1},"o":{"x":0.333,"y":0},"t":42,"s":[1074,877.503,0],"to":[4.667,36.667,0],"ti":[3.333,-47.333,0]},{"i":{"x":0.667,"y":1},"o":{"x":0.333,"y":0},"t":54,"s":[1218,1013.503,0],"to":[-3.333,47.333,0],"ti":[-13.333,-47.333,0]},{"i":{"x":0.667,"y":1},"o":{"x":0.333,"y":0},"t":66,"s":[1054,1161.503,0],"to":[13.333,47.333,0],"ti":[-40.667,-22.667,0]},{"t":77,"s":[1298,1297.503,0]}],"ix":2,"l":2},"a":{"a":0,"k":[0,0,0],"ix":1,"l":2},"s":{"a":1,"k":[{"i":{"x":[0.667,0.667,0.667],"y":[1,1,1]},"o":{"x":[0.333,0.333,0.333],"y":[0,0,0]},"t":11,"s":[30,100,100]},{"i":{"x":[0.667,0.667,0.667],"y":[1,1,1]},"o":{"x":[0.333,0.333,0.333],"y":[0,0,0]},"t":16,"s":[60,0,100]},{"t":22,"s":[30,100,100]}],"ix":6,"l":2,"x":"var $bm_rt;\n$bm_rt = loopOut('pingpong');"}},"ao":0,"shapes":[{"ty":"gr","it":[{"ind":0,"ty":"sh","ix":1,"ks":{"a":0,"k":{"i":[[0,0],[0,0],[0,0],[0,0]],"o":[[0,0],[0,0],[0,0],[0,0]],"v":[[31.098,33.454],[-31.098,11.779],[-31.098,-33.454],[31.098,-11.779]],"c":true},"ix":2},"nm":"Path 1","mn":"ADBE Vector Shape - Group","hd":false},{"ty":"fl","c":{"a":0,"k":[0.956862804936,0.250980392157,0.788235353956,1],"ix":4},"o":{"a":0,"k":100,"ix":5},"r":1,"bm":0,"nm":"Fill 1","mn":"ADBE Vector Graphic - Fill","hd":false},{"ty":"tr","p":{"a":0,"k":[0,0],"ix":2},"a":{"a":0,"k":[0,0],"ix":1},"s":{"a":0,"k":[100,100],"ix":3},"r":{"a":0,"k":0,"ix":6},"o":{"a":0,"k":100,"ix":7},"sk":{"a":0,"k":0,"ix":4},"sa":{"a":0,"k":0,"ix":5},"nm":"Transform"}],"nm":"Group 1","np":2,"cix":2,"bm":0,"ix":1,"mn":"ADBE Vector Group","hd":false}],"ip":0,"op":77,"st":-1,"ct":1,"bm":0},{"ddd":0,"ind":7,"ty":4,"nm":"Layer 5","sr":1,"ks":{"o":{"a":1,"k":[{"i":{"x":[0.667],"y":[1]},"o":{"x":[0.333],"y":[0]},"t":64,"s":[100]},{"t":75,"s":[0]}],"ix":11},"r":{"a":1,"k":[{"i":{"x":[0.667],"y":[1]},"o":{"x":[0.333],"y":[0]},"t":7,"s":[0]},{"t":22,"s":[-69]}],"ix":10,"x":"var $bm_rt;\n$bm_rt = loopOut('offset');"},"p":{"a":1,"k":[{"i":{"x":0.609,"y":1},"o":{"x":1,"y":0},"t":-1,"s":[966,1253.503,0],"to":[4.333,-158.667,0],"ti":[227.605,11.927,0]},{"i":{"x":0.667,"y":1},"o":{"x":1,"y":0},"t":9,"s":[1064,141.503,0],"to":[-313.403,-16.422,0],"ti":[0.667,-77.333,0]},{"i":{"x":0.667,"y":1},"o":{"x":0.333,"y":0},"t":32,"s":[527,796.503,0],"to":[-0.679,78.734,0],"ti":[9.5,-52.167,0]},{"i":{"x":0.667,"y":1},"o":{"x":0.333,"y":0},"t":45,"s":[614,973.503,0],"to":[-9.5,52.167,0],"ti":[3.333,-53.333,0]},{"i":{"x":0.667,"y":1},"o":{"x":0.333,"y":0},"t":57,"s":[470,1109.503,0],"to":[-3.333,53.333,0],"ti":[13.333,-86,0]},{"i":{"x":0.667,"y":1},"o":{"x":0.333,"y":0},"t":69,"s":[594,1293.503,0],"to":[-13.333,86,0],"ti":[52.667,-85.333,0]},{"t":80,"s":[390,1625.503,0]}],"ix":2,"l":2},"a":{"a":0,"k":[0,0,0],"ix":1,"l":2},"s":{"a":1,"k":[{"i":{"x":[0.667,0.667,0.667],"y":[1,1,1]},"o":{"x":[0.333,0.333,0.333],"y":[0,0,0]},"t":11,"s":[30,100,100]},{"i":{"x":[0.667,0.667,0.667],"y":[1,1,1]},"o":{"x":[0.333,0.333,0.333],"y":[0,0,0]},"t":16,"s":[-40,100,100]},{"t":22,"s":[30,100,100]}],"ix":6,"l":2,"x":"var $bm_rt;\n$bm_rt = loopOut('pingpong');"}},"ao":0,"shapes":[{"ty":"gr","it":[{"ind":0,"ty":"sh","ix":1,"ks":{"a":0,"k":{"i":[[0,0],[0,0],[0,0],[0,0]],"o":[[0,0],[0,0],[0,0],[0,0]],"v":[[31.098,33.454],[-31.098,11.779],[-31.098,-33.454],[31.098,-11.779]],"c":true},"ix":2},"nm":"Path 1","mn":"ADBE Vector Shape - Group","hd":false},{"ty":"fl","c":{"a":0,"k":[0.047058827269,0.662745098039,0.85882358925,1],"ix":4},"o":{"a":0,"k":100,"ix":5},"r":1,"bm":0,"nm":"Fill 1","mn":"ADBE Vector Graphic - Fill","hd":false},{"ty":"tr","p":{"a":0,"k":[0,0],"ix":2},"a":{"a":0,"k":[0,0],"ix":1},"s":{"a":0,"k":[100,100],"ix":3},"r":{"a":0,"k":0,"ix":6},"o":{"a":0,"k":100,"ix":7},"sk":{"a":0,"k":0,"ix":4},"sa":{"a":0,"k":0,"ix":5},"nm":"Transform"}],"nm":"Group 1","np":2,"cix":2,"bm":0,"ix":1,"mn":"ADBE Vector Group","hd":false}],"ip":0,"op":80,"st":-1,"ct":1,"bm":0},{"ddd":0,"ind":8,"ty":4,"nm":"Star-3","sr":1,"ks":{"o":{"a":1,"k":[{"i":{"x":[0.667],"y":[1]},"o":{"x":[0.333],"y":[0]},"t":66,"s":[100]},{"t":77,"s":[0]}],"ix":11},"r":{"a":1,"k":[{"i":{"x":[0.667],"y":[1]},"o":{"x":[0.333],"y":[0]},"t":7,"s":[-42]},{"t":22,"s":[-116]}],"ix":10,"x":"var $bm_rt;\n$bm_rt = loopOut('offset');"},"p":{"a":1,"k":[{"i":{"x":0.609,"y":1},"o":{"x":1,"y":0},"t":1,"s":[822,953.503,0],"to":[-9.667,-109.333,0],"ti":[306.77,102.474,0]},{"i":{"x":0.667,"y":1},"o":{"x":1,"y":0},"t":11,"s":[848,61.503,0],"to":[-306.77,-102.474,0],"ti":[0.667,-77.333,0]},{"i":{"x":0.667,"y":1},"o":{"x":0.333,"y":0},"t":34,"s":[419,448.503,0],"to":[-0.679,78.734,0],"ti":[9.5,-52.167,0]},{"i":{"x":0.667,"y":1},"o":{"x":0.333,"y":0},"t":47,"s":[506,625.503,0],"to":[-9.5,52.167,0],"ti":[3.333,-53.333,0]},{"i":{"x":0.667,"y":1},"o":{"x":0.333,"y":0},"t":59,"s":[362,761.503,0],"to":[-3.333,53.333,0],"ti":[13.333,-86,0]},{"i":{"x":0.667,"y":1},"o":{"x":0.333,"y":0},"t":71,"s":[486,945.503,0],"to":[-13.333,86,0],"ti":[52.667,-85.333,0]},{"t":82,"s":[282,1277.503,0]}],"ix":2,"l":2},"a":{"a":0,"k":[0,0,0],"ix":1,"l":2},"s":{"a":1,"k":[{"i":{"x":[0.667,0.667,0.667],"y":[1,1,1]},"o":{"x":[0.333,0.333,0.333],"y":[0,0,0]},"t":11,"s":[30,100,100]},{"i":{"x":[0.667,0.667,0.667],"y":[1,1,1]},"o":{"x":[0.333,0.333,0.333],"y":[0,0,0]},"t":16,"s":[0,100,100]},{"t":22,"s":[30,100,100]}],"ix":6,"l":2,"x":"var $bm_rt;\n$bm_rt = loopOut('pingpong');"}},"ao":0,"shapes":[{"ty":"gr","it":[{"ind":0,"ty":"sh","ix":1,"ks":{"a":0,"k":{"i":[[0,0],[0,0],[0,0],[0,0],[0,0],[0,0],[0,0],[0,0],[0,0],[0,0]],"o":[[0,0],[0,0],[0,0],[0,0],[0,0],[0,0],[0,0],[0,0],[0,0],[0,0]],"v":[[0,-34.694],[11.273,-11.853],[36.48,-8.19],[18.24,9.589],[22.546,34.694],[0,22.841],[-22.546,34.694],[-18.24,9.589],[-36.48,-8.19],[-11.273,-11.853]],"c":true},"ix":2},"nm":"Path 1","mn":"ADBE Vector Shape - Group","hd":false},{"ty":"fl","c":{"a":0,"k":[0.180392156863,0.960784373564,0.498039245605,1],"ix":4},"o":{"a":0,"k":100,"ix":5},"r":1,"bm":0,"nm":"Fill 1","mn":"ADBE Vector Graphic - Fill","hd":false},{"ty":"tr","p":{"a":0,"k":[0,0],"ix":2},"a":{"a":0,"k":[0,0],"ix":1},"s":{"a":0,"k":[100,100],"ix":3},"r":{"a":0,"k":0,"ix":6},"o":{"a":0,"k":100,"ix":7},"sk":{"a":0,"k":0,"ix":4},"sa":{"a":0,"k":0,"ix":5},"nm":"Transform"}],"nm":"Group 1","np":2,"cix":2,"bm":0,"ix":1,"mn":"ADBE Vector Group","hd":false}],"ip":2,"op":82,"st":-1,"ct":1,"bm":0},{"ddd":0,"ind":9,"ty":4,"nm":"Star-2","sr":1,"ks":{"o":{"a":1,"k":[{"i":{"x":[0.667],"y":[1]},"o":{"x":[0.333],"y":[0]},"t":66,"s":[100]},{"t":77,"s":[0]}],"ix":11},"r":{"a":1,"k":[{"i":{"x":[0.667],"y":[1]},"o":{"x":[0.333],"y":[0]},"t":7,"s":[-42]},{"t":22,"s":[106]}],"ix":10,"x":"var $bm_rt;\n$bm_rt = loopOut('offset');"},"p":{"a":1,"k":[{"i":{"x":0.644,"y":1},"o":{"x":1,"y":0},"t":-1,"s":[634,1441.503,0],"to":[53.333,-170.667,0],"ti":[-514,-138.497,0]},{"i":{"x":0.716,"y":0.938},"o":{"x":0.385,"y":0},"t":11,"s":[954,417.503,0],"to":[121.314,32.688,0],"ti":[-36.089,-49.92,0]},{"i":{"x":0.588,"y":1},"o":{"x":0.912,"y":0.359},"t":24,"s":[995.911,854.08,0],"to":[36.089,49.92,0],"ti":[-54.737,-74.738,0]},{"i":{"x":0.667,"y":1},"o":{"x":0.333,"y":0},"t":37,"s":[1226,945.503,0],"to":[54.737,74.738,0],"ti":[-40,-49.333,0]},{"i":{"x":0.667,"y":1},"o":{"x":0.333,"y":0},"t":50,"s":[1078,1141.503,0],"to":[40,49.333,0],"ti":[-63.333,-64,0]},{"i":{"x":0.667,"y":1},"o":{"x":0.333,"y":0},"t":62,"s":[1298,1285.503,0],"to":[63.333,64,0],"ti":[-33.333,-102.667,0]},{"i":{"x":0.667,"y":1},"o":{"x":0.333,"y":0},"t":74,"s":[1098,1489.503,0],"to":[33.333,102.667,0],"ti":[-45.333,-24,0]},{"t":85,"s":[1370,1633.503,0]}],"ix":2,"l":2},"a":{"a":0,"k":[0,0,0],"ix":1,"l":2},"s":{"a":1,"k":[{"i":{"x":[0.667,0.667,0.667],"y":[1,1,1]},"o":{"x":[0.333,0.333,0.333],"y":[0,0,0]},"t":11,"s":[30,100,100]},{"i":{"x":[0.667,0.667,0.667],"y":[1,1,1]},"o":{"x":[0.333,0.333,0.333],"y":[0,0,0]},"t":16,"s":[100,0,100]},{"t":22,"s":[30,100,100]}],"ix":6,"l":2,"x":"var $bm_rt;\n$bm_rt = loopOut('pingpong');"}},"ao":0,"shapes":[{"ty":"gr","it":[{"ind":0,"ty":"sh","ix":1,"ks":{"a":0,"k":{"i":[[0,0],[0,0],[0,0],[0,0],[0,0],[0,0],[0,0],[0,0],[0,0],[0,0]],"o":[[0,0],[0,0],[0,0],[0,0],[0,0],[0,0],[0,0],[0,0],[0,0],[0,0]],"v":[[0,-34.694],[11.273,-11.853],[36.48,-8.19],[18.24,9.589],[22.546,34.694],[0,22.841],[-22.546,34.694],[-18.24,9.589],[-36.48,-8.19],[-11.273,-11.853]],"c":true},"ix":2},"nm":"Path 1","mn":"ADBE Vector Shape - Group","hd":false},{"ty":"fl","c":{"a":0,"k":[0.047058827269,0.662745098039,0.85882358925,1],"ix":4},"o":{"a":0,"k":100,"ix":5},"r":1,"bm":0,"nm":"Fill 1","mn":"ADBE Vector Graphic - Fill","hd":false},{"ty":"tr","p":{"a":0,"k":[0,0],"ix":2},"a":{"a":0,"k":[0,0],"ix":1},"s":{"a":0,"k":[100,100],"ix":3},"r":{"a":0,"k":0,"ix":6},"o":{"a":0,"k":100,"ix":7},"sk":{"a":0,"k":0,"ix":4},"sa":{"a":0,"k":0,"ix":5},"nm":"Transform"}],"nm":"Group 1","np":2,"cix":2,"bm":0,"ix":1,"mn":"ADBE Vector Group","hd":false}],"ip":0,"op":85,"st":-1,"ct":1,"bm":0},{"ddd":0,"ind":10,"ty":4,"nm":"Layer 3","sr":1,"ks":{"o":{"a":1,"k":[{"i":{"x":[0.667],"y":[1]},"o":{"x":[0.333],"y":[0]},"t":64,"s":[100]},{"t":75,"s":[0]}],"ix":11},"r":{"a":1,"k":[{"i":{"x":[0.667],"y":[1]},"o":{"x":[0.333],"y":[0]},"t":7,"s":[0]},{"t":22,"s":[-69]}],"ix":10,"x":"var $bm_rt;\n$bm_rt = loopOut('offset');"},"p":{"a":1,"k":[{"i":{"x":0.609,"y":1},"o":{"x":1,"y":0},"t":-1,"s":[822,929.503,0],"to":[4.333,-158.667,0],"ti":[63.225,-94.248,0]},{"i":{"x":0.667,"y":1},"o":{"x":1,"y":0},"t":9,"s":[652,237.503,0],"to":[-146.07,217.743,0],"ti":[0.667,-77.333,0]},{"i":{"x":0.667,"y":1},"o":{"x":0.333,"y":0},"t":27,"s":[327,532.503,0],"to":[-0.679,78.734,0],"ti":[9.5,-52.167,0]},{"i":{"x":0.667,"y":1},"o":{"x":0.333,"y":0},"t":40,"s":[414,709.503,0],"to":[-9.5,52.167,0],"ti":[3.333,-53.333,0]},{"i":{"x":0.667,"y":1},"o":{"x":0.333,"y":0},"t":52,"s":[270,845.503,0],"to":[-3.333,53.333,0],"ti":[13.333,-86,0]},{"i":{"x":0.667,"y":1},"o":{"x":0.333,"y":0},"t":64,"s":[394,1029.503,0],"to":[-13.333,86,0],"ti":[52.667,-85.333,0]},{"t":75,"s":[190,1361.503,0]}],"ix":2,"l":2},"a":{"a":0,"k":[0,0,0],"ix":1,"l":2},"s":{"a":1,"k":[{"i":{"x":[0.667,0.667,0.667],"y":[1,1,1]},"o":{"x":[0.333,0.333,0.333],"y":[0,0,0]},"t":11,"s":[30,100,100]},{"i":{"x":[0.667,0.667,0.667],"y":[1,1,1]},"o":{"x":[0.333,0.333,0.333],"y":[0,0,0]},"t":16,"s":[-40,100,100]},{"t":22,"s":[30,100,100]}],"ix":6,"l":2,"x":"var $bm_rt;\n$bm_rt = loopOut('pingpong');"}},"ao":0,"shapes":[{"ty":"gr","it":[{"ind":0,"ty":"sh","ix":1,"ks":{"a":0,"k":{"i":[[0,0],[0,0],[0,0],[0,0]],"o":[[0,0],[0,0],[0,0],[0,0]],"v":[[31.098,33.454],[-31.098,11.779],[-31.098,-33.454],[31.098,-11.779]],"c":true},"ix":2},"nm":"Path 1","mn":"ADBE Vector Shape - Group","hd":false},{"ty":"fl","c":{"a":0,"k":[0.995294189453,0.568140605852,0.181884780585,1],"ix":4},"o":{"a":0,"k":100,"ix":5},"r":1,"bm":0,"nm":"Fill 1","mn":"ADBE Vector Graphic - Fill","hd":false},{"ty":"tr","p":{"a":0,"k":[0,0],"ix":2},"a":{"a":0,"k":[0,0],"ix":1},"s":{"a":0,"k":[100,100],"ix":3},"r":{"a":0,"k":0,"ix":6},"o":{"a":0,"k":100,"ix":7},"sk":{"a":0,"k":0,"ix":4},"sa":{"a":0,"k":0,"ix":5},"nm":"Transform"}],"nm":"Group 1","np":2,"cix":2,"bm":0,"ix":1,"mn":"ADBE Vector Group","hd":false}],"ip":0,"op":75,"st":-1,"ct":1,"bm":0},{"ddd":0,"ind":11,"ty":4,"nm":"Star-1","sr":1,"ks":{"o":{"a":1,"k":[{"i":{"x":[0.667],"y":[1]},"o":{"x":[0.333],"y":[0]},"t":66,"s":[100]},{"t":77,"s":[0]}],"ix":11},"r":{"a":1,"k":[{"i":{"x":[0.667],"y":[1]},"o":{"x":[0.333],"y":[0]},"t":7,"s":[-42]},{"t":22,"s":[-116]}],"ix":10,"x":"var $bm_rt;\n$bm_rt = loopOut('offset');"},"p":{"a":1,"k":[{"i":{"x":0.609,"y":1},"o":{"x":1,"y":0},"t":1,"s":[818,1217.503,0],"to":[35,-308.667,0],"ti":[122.889,-32.287,0]},{"i":{"x":0.667,"y":1},"o":{"x":1,"y":0},"t":11,"s":[260,277.503,0],"to":[-190.002,49.919,0],"ti":[-159.333,-41.333,0]},{"i":{"x":0.667,"y":1},"o":{"x":0.333,"y":0},"t":29,"s":[399,760.503,0],"to":[76.215,19.771,0],"ti":[14.833,-63.5,0]},{"i":{"x":0.667,"y":1},"o":{"x":0.333,"y":0},"t":42,"s":[454,1005.503,0],"to":[-14.833,63.5,0],"ti":[3.333,-53.333,0]},{"i":{"x":0.667,"y":1},"o":{"x":0.333,"y":0},"t":54,"s":[310,1141.503,0],"to":[-3.333,53.333,0],"ti":[13.333,-86,0]},{"i":{"x":0.667,"y":1},"o":{"x":0.333,"y":0},"t":66,"s":[434,1325.503,0],"to":[-13.333,86,0],"ti":[52.667,-85.333,0]},{"t":77,"s":[230,1657.503,0]}],"ix":2,"l":2},"a":{"a":0,"k":[0,0,0],"ix":1,"l":2},"s":{"a":1,"k":[{"i":{"x":[0.667,0.667,0.667],"y":[1,1,1]},"o":{"x":[0.333,0.333,0.333],"y":[0,0,0]},"t":11,"s":[30,100,100]},{"i":{"x":[0.667,0.667,0.667],"y":[1,1,1]},"o":{"x":[0.333,0.333,0.333],"y":[0,0,0]},"t":16,"s":[0,100,100]},{"t":22,"s":[30,100,100]}],"ix":6,"l":2,"x":"var $bm_rt;\n$bm_rt = loopOut('pingpong');"}},"ao":0,"shapes":[{"ty":"gr","it":[{"ind":0,"ty":"sh","ix":1,"ks":{"a":0,"k":{"i":[[0,0],[0,0],[0,0],[0,0],[0,0],[0,0],[0,0],[0,0],[0,0],[0,0]],"o":[[0,0],[0,0],[0,0],[0,0],[0,0],[0,0],[0,0],[0,0],[0,0],[0,0]],"v":[[0,-34.694],[11.273,-11.853],[36.48,-8.19],[18.24,9.589],[22.546,34.694],[0,22.841],[-22.546,34.694],[-18.24,9.589],[-36.48,-8.19],[-11.273,-11.853]],"c":true},"ix":2},"nm":"Path 1","mn":"ADBE Vector Shape - Group","hd":false},{"ty":"fl","c":{"a":0,"k":[0.04705882445,0.662745118141,0.858823537827,1],"ix":4},"o":{"a":0,"k":100,"ix":5},"r":1,"bm":0,"nm":"Fill 1","mn":"ADBE Vector Graphic - Fill","hd":false},{"ty":"tr","p":{"a":0,"k":[0,0],"ix":2},"a":{"a":0,"k":[0,0],"ix":1},"s":{"a":0,"k":[100,100],"ix":3},"r":{"a":0,"k":0,"ix":6},"o":{"a":0,"k":100,"ix":7},"sk":{"a":0,"k":0,"ix":4},"sa":{"a":0,"k":0,"ix":5},"nm":"Transform"}],"nm":"Group 1","np":2,"cix":2,"bm":0,"ix":1,"mn":"ADBE Vector Group","hd":false}],"ip":1,"op":77,"st":-1,"ct":1,"bm":0},{"ddd":0,"ind":12,"ty":4,"nm":"Squeare1","sr":1,"ks":{"o":{"a":1,"k":[{"i":{"x":[0.667],"y":[1]},"o":{"x":[0.333],"y":[0]},"t":66,"s":[100]},{"t":77,"s":[0]}],"ix":11},"r":{"a":1,"k":[{"i":{"x":[0.667],"y":[1]},"o":{"x":[0.333],"y":[0]},"t":7,"s":[-42]},{"t":22,"s":[106]}],"ix":10,"x":"var $bm_rt;\n$bm_rt = loopOut('offset');"},"p":{"a":1,"k":[{"i":{"x":0.644,"y":1},"o":{"x":1,"y":0},"t":-1,"s":[810,957.503,0],"to":[35.333,-78,0],"ti":[-122.233,34.688,0]},{"i":{"x":0.716,"y":0.877},"o":{"x":0.385,"y":0},"t":11,"s":[1022,489.503,0],"to":[5.577,-1.583,0],"ti":[-5.691,-0.6,0]},{"i":{"x":0.588,"y":1},"o":{"x":0.912,"y":0.179},"t":16,"s":[1107.911,466.08,0],"to":[102.473,10.8,0],"ti":[-22.737,-82.738,0]},{"i":{"x":0.667,"y":1},"o":{"x":0.333,"y":0},"t":29,"s":[1282,929.503,0],"to":[24,87.333,0],"ti":[-4.667,-36.667,0]},{"i":{"x":0.667,"y":1},"o":{"x":0.333,"y":0},"t":42,"s":[1166,1013.503,0],"to":[4.667,36.667,0],"ti":[3.333,-47.333,0]},{"i":{"x":0.667,"y":1},"o":{"x":0.333,"y":0},"t":54,"s":[1310,1149.503,0],"to":[-3.333,47.333,0],"ti":[-13.333,-47.333,0]},{"i":{"x":0.667,"y":1},"o":{"x":0.333,"y":0},"t":66,"s":[1146,1297.503,0],"to":[13.333,47.333,0],"ti":[-40.667,-22.667,0]},{"t":77,"s":[1390,1433.503,0]}],"ix":2,"l":2},"a":{"a":0,"k":[0,0,0],"ix":1,"l":2},"s":{"a":1,"k":[{"i":{"x":[0.667,0.667,0.667],"y":[1,1,1]},"o":{"x":[0.333,0.333,0.333],"y":[0,0,0]},"t":11,"s":[30,100,100]},{"i":{"x":[0.667,0.667,0.667],"y":[1,1,1]},"o":{"x":[0.333,0.333,0.333],"y":[0,0,0]},"t":16,"s":[60,0,100]},{"t":22,"s":[30,100,100]}],"ix":6,"l":2,"x":"var $bm_rt;\n$bm_rt = loopOut('pingpong');"}},"ao":0,"shapes":[{"ty":"gr","it":[{"ind":0,"ty":"sh","ix":1,"ks":{"a":0,"k":{"i":[[0,0],[0,0],[0,0],[0,0]],"o":[[0,0],[0,0],[0,0],[0,0]],"v":[[31.098,33.454],[-31.098,11.779],[-31.098,-33.454],[31.098,-11.779]],"c":true},"ix":2},"nm":"Path 1","mn":"ADBE Vector Shape - Group","hd":false},{"ty":"fl","c":{"a":0,"k":[0.178592711804,0.960784313725,0.4961160398,1],"ix":4},"o":{"a":0,"k":100,"ix":5},"r":1,"bm":0,"nm":"Fill 1","mn":"ADBE Vector Graphic - Fill","hd":false},{"ty":"tr","p":{"a":0,"k":[0,0],"ix":2},"a":{"a":0,"k":[0,0],"ix":1},"s":{"a":0,"k":[100,100],"ix":3},"r":{"a":0,"k":0,"ix":6},"o":{"a":0,"k":100,"ix":7},"sk":{"a":0,"k":0,"ix":4},"sa":{"a":0,"k":0,"ix":5},"nm":"Transform"}],"nm":"Group 1","np":2,"cix":2,"bm":0,"ix":1,"mn":"ADBE Vector Group","hd":false}],"ip":0,"op":77,"st":-1,"ct":1,"bm":0}]},{"id":"comp_1","nm":"Deco-L","fr":24,"layers":[{"ddd":0,"ind":1,"ty":4,"nm":"Star-5","sr":1,"ks":{"o":{"a":1,"k":[{"i":{"x":[0.667],"y":[1]},"o":{"x":[0.333],"y":[0]},"t":61,"s":[100]},{"t":72,"s":[0]}],"ix":11},"r":{"a":1,"k":[{"i":{"x":[0.667],"y":[1]},"o":{"x":[0.333],"y":[0]},"t":10,"s":[-42]},{"t":72,"s":[1440]}],"ix":10},"p":{"a":1,"k":[{"i":{"x":0.644,"y":1},"o":{"x":1,"y":0},"t":1,"s":[378,1093.503,0],"to":[83.333,-78,0],"ti":[-78,-98.497,0]},{"i":{"x":0.683,"y":0.726},"o":{"x":0.351,"y":0},"t":11,"s":[878,625.503,0],"to":[14.626,18.47,0],"ti":[-24.1,-58.982,0]},{"i":{"x":0.678,"y":0.703},"o":{"x":0.348,"y":0.237},"t":31,"s":[1149.237,918.028,0],"to":[37.854,92.644,0],"ti":[-55.386,-104.612,0]},{"i":{"x":0.653,"y":1},"o":{"x":0.335,"y":0.369},"t":47,"s":[1468.021,1157.419,0],"to":[97.395,183.956,0],"ti":[-33.493,-92.884,0]},{"t":72,"s":[1530,1677.503,0]}],"ix":2,"l":2},"a":{"a":0,"k":[0,0,0],"ix":1,"l":2},"s":{"a":0,"k":[80,100,100],"ix":6,"l":2}},"ao":0,"shapes":[{"ty":"gr","it":[{"ind":0,"ty":"sh","ix":1,"ks":{"a":0,"k":{"i":[[0,0],[0,0],[0,0],[0,0],[0,0],[0,0],[0,0],[0,0],[0,0],[0,0]],"o":[[0,0],[0,0],[0,0],[0,0],[0,0],[0,0],[0,0],[0,0],[0,0],[0,0]],"v":[[0,-34.694],[11.273,-11.853],[36.48,-8.19],[18.24,9.589],[22.546,34.694],[0,22.841],[-22.546,34.694],[-18.24,9.589],[-36.48,-8.19],[-11.273,-11.853]],"c":true},"ix":2},"nm":"Path 1","mn":"ADBE Vector Shape - Group","hd":false},{"ty":"fl","c":{"a":0,"k":[0.047058827269,0.662745098039,0.85882358925,1],"ix":4},"o":{"a":0,"k":100,"ix":5},"r":1,"bm":0,"nm":"Fill 1","mn":"ADBE Vector Graphic - Fill","hd":false},{"ty":"tr","p":{"a":0,"k":[0,0],"ix":2},"a":{"a":0,"k":[0,0],"ix":1},"s":{"a":0,"k":[100,100],"ix":3},"r":{"a":0,"k":0,"ix":6},"o":{"a":0,"k":100,"ix":7},"sk":{"a":0,"k":0,"ix":4},"sa":{"a":0,"k":0,"ix":5},"nm":"Transform"}],"nm":"Group 1","np":2,"cix":2,"bm":0,"ix":1,"mn":"ADBE Vector Group","hd":false}],"ip":1,"op":71,"st":2,"ct":1,"bm":0},{"ddd":0,"ind":2,"ty":4,"nm":"Layer 2","sr":1,"ks":{"o":{"a":1,"k":[{"i":{"x":[0.667],"y":[1]},"o":{"x":[0.333],"y":[0]},"t":66,"s":[100]},{"t":77,"s":[0]}],"ix":11},"r":{"a":1,"k":[{"i":{"x":[0.667],"y":[1]},"o":{"x":[0.333],"y":[0]},"t":7,"s":[-42]},{"t":22,"s":[106]}],"ix":10,"x":"var $bm_rt;\n$bm_rt = loopOut('offset');"},"p":{"a":1,"k":[{"i":{"x":0.356,"y":1},"o":{"x":0.837,"y":0},"t":1,"s":[378,1093.503,0],"to":[96.667,-102.667,0],"ti":[-218.409,-61.963,0]},{"i":{"x":0.716,"y":0.951},"o":{"x":0.385,"y":0},"t":11,"s":[1174,253.503,0],"to":[218.409,61.963,0],"ti":[-36.089,-49.92,0]},{"i":{"x":0.588,"y":1},"o":{"x":0.414,"y":0.104},"t":22,"s":[1371.911,678.08,0],"to":[36.089,49.92,0],"ti":[-54.737,-74.738,0]},{"i":{"x":0.667,"y":1},"o":{"x":0.333,"y":0},"t":35,"s":[1742,841.503,0],"to":[54.737,74.738,0],"ti":[-40,-49.333,0]},{"i":{"x":0.667,"y":1},"o":{"x":0.333,"y":0},"t":48,"s":[1354,1133.503,0],"to":[40,49.333,0],"ti":[-63.333,-64,0]},{"i":{"x":0.667,"y":1},"o":{"x":0.333,"y":0},"t":60,"s":[1634,1281.503,0],"to":[63.333,64,0],"ti":[-33.333,-102.667,0]},{"i":{"x":0.667,"y":1},"o":{"x":0.333,"y":0},"t":72,"s":[1394,1521.503,0],"to":[33.333,102.667,0],"ti":[-126.667,-123.333,0]},{"t":83,"s":[1706,1785.503,0]}],"ix":2,"l":2},"a":{"a":0,"k":[0,0,0],"ix":1,"l":2},"s":{"a":1,"k":[{"i":{"x":[0.667,0.667,0.667],"y":[1,1,1]},"o":{"x":[0.333,0.333,0.333],"y":[0,0,0]},"t":11,"s":[50,100,100]},{"i":{"x":[0.667,0.667,0.667],"y":[1,1,1]},"o":{"x":[0.333,0.333,0.333],"y":[0,0,0]},"t":16,"s":[60,0,100]},{"t":22,"s":[50,100,100]}],"ix":6,"l":2,"x":"var $bm_rt;\n$bm_rt = loopOut('pingpong');"}},"ao":0,"shapes":[{"ty":"gr","it":[{"ind":0,"ty":"sh","ix":1,"ks":{"a":0,"k":{"i":[[15.847,0],[0.526,0.02],[6.012,14.652],[0,0],[-5.91,-0.22],[-4.45,8.9],[0,0]],"o":[[-0.522,0],[-16.074,-0.598],[0,0],[2.15,5.242],[3.6,0.12],[0,0],[-7.64,15.278]],"v":[[0.275,17.941],[-1.297,17.912],[-37.653,-7.192],[-13.599,-17.061],[-0.33,-8.07],[14.399,-17.941],[37.653,-6.312]],"c":true},"ix":2},"nm":"Path 1","mn":"ADBE Vector Shape - Group","hd":false},{"ty":"fl","c":{"a":0,"k":[0.047058827269,0.662745098039,0.85882358925,1],"ix":4},"o":{"a":0,"k":100,"ix":5},"r":1,"bm":0,"nm":"Fill 1","mn":"ADBE Vector Graphic - Fill","hd":false},{"ty":"tr","p":{"a":0,"k":[0,0],"ix":2},"a":{"a":0,"k":[0,0],"ix":1},"s":{"a":0,"k":[100,100],"ix":3},"r":{"a":0,"k":0,"ix":6},"o":{"a":0,"k":100,"ix":7},"sk":{"a":0,"k":0,"ix":4},"sa":{"a":0,"k":0,"ix":5},"nm":"Transform"}],"nm":"Group 1","np":2,"cix":2,"bm":0,"ix":1,"mn":"ADBE Vector Group","hd":false}],"ip":0,"op":83,"st":-1,"ct":1,"bm":0},{"ddd":0,"ind":3,"ty":4,"nm":"Star-4","sr":1,"ks":{"o":{"a":1,"k":[{"i":{"x":[0.667],"y":[1]},"o":{"x":[0.333],"y":[0]},"t":66,"s":[100]},{"t":77,"s":[0]}],"ix":11},"r":{"a":1,"k":[{"i":{"x":[0.667],"y":[1]},"o":{"x":[0.333],"y":[0]},"t":7,"s":[-42]},{"t":22,"s":[106]}],"ix":10,"x":"var $bm_rt;\n$bm_rt = loopOut('offset');"},"p":{"a":1,"k":[{"i":{"x":0.376,"y":1},"o":{"x":0.852,"y":0},"t":0,"s":[378,1093.503,0],"to":[29.333,-194,0],"ti":[-138.205,50.296,0]},{"i":{"x":0.588,"y":1},"o":{"x":0.385,"y":0},"t":11,"s":[830,197.503,0],"to":[138.205,-50.296,0],"ti":[-54.737,-74.738,0]},{"i":{"x":0.667,"y":1},"o":{"x":0.333,"y":0},"t":29,"s":[1334,677.503,0],"to":[54.737,74.738,0],"ti":[-40,-49.333,0]},{"i":{"x":0.667,"y":1},"o":{"x":0.333,"y":0},"t":42,"s":[1302,1009.503,0],"to":[40,49.333,0],"ti":[-63.333,-64,0]},{"i":{"x":0.667,"y":1},"o":{"x":0.333,"y":0},"t":54,"s":[1634,1229.503,0],"to":[63.333,64,0],"ti":[-33.333,-102.667,0]},{"i":{"x":0.667,"y":1},"o":{"x":0.333,"y":0},"t":66,"s":[1430,1529.503,0],"to":[33.333,102.667,0],"ti":[-26.667,-73.333,0]},{"t":77,"s":[1758,1753.503,0]}],"ix":2,"l":2},"a":{"a":0,"k":[0,0,0],"ix":1,"l":2},"s":{"a":1,"k":[{"i":{"x":[0.667,0.667,0.667],"y":[1,1,1]},"o":{"x":[0.333,0.333,0.333],"y":[0,0,0]},"t":11,"s":[50,100,100]},{"i":{"x":[0.667,0.667,0.667],"y":[1,1,1]},"o":{"x":[0.333,0.333,0.333],"y":[0,0,0]},"t":16,"s":[100,0,100]},{"t":22,"s":[50,100,100]}],"ix":6,"l":2,"x":"var $bm_rt;\n$bm_rt = loopOut('pingpong');"}},"ao":0,"shapes":[{"ty":"gr","it":[{"ind":0,"ty":"sh","ix":1,"ks":{"a":0,"k":{"i":[[0,0],[0,0],[0,0],[0,0],[0,0],[0,0],[0,0],[0,0],[0,0],[0,0]],"o":[[0,0],[0,0],[0,0],[0,0],[0,0],[0,0],[0,0],[0,0],[0,0],[0,0]],"v":[[0,-34.694],[11.273,-11.853],[36.48,-8.19],[18.24,9.589],[22.546,34.694],[0,22.841],[-22.546,34.694],[-18.24,9.589],[-36.48,-8.19],[-11.273,-11.853]],"c":true},"ix":2},"nm":"Path 1","mn":"ADBE Vector Shape - Group","hd":false},{"ty":"fl","c":{"a":0,"k":[0.996078491211,0.56862745098,0.180392156863,1],"ix":4},"o":{"a":0,"k":100,"ix":5},"r":1,"bm":0,"nm":"Fill 1","mn":"ADBE Vector Graphic - Fill","hd":false},{"ty":"tr","p":{"a":0,"k":[0,0],"ix":2},"a":{"a":0,"k":[0,0],"ix":1},"s":{"a":0,"k":[100,100],"ix":3},"r":{"a":0,"k":0,"ix":6},"o":{"a":0,"k":100,"ix":7},"sk":{"a":0,"k":0,"ix":4},"sa":{"a":0,"k":0,"ix":5},"nm":"Transform"}],"nm":"Group 1","np":2,"cix":2,"bm":0,"ix":1,"mn":"ADBE Vector Group","hd":false}],"ip":0,"op":77,"st":-1,"ct":1,"bm":0},{"ddd":0,"ind":4,"ty":4,"nm":"Squeare2","sr":1,"ks":{"o":{"a":1,"k":[{"i":{"x":[0.667],"y":[1]},"o":{"x":[0.333],"y":[0]},"t":66,"s":[100]},{"t":77,"s":[0]}],"ix":11},"r":{"a":1,"k":[{"i":{"x":[0.667],"y":[1]},"o":{"x":[0.333],"y":[0]},"t":7,"s":[-42]},{"t":22,"s":[106]}],"ix":10,"x":"var $bm_rt;\n$bm_rt = loopOut('offset');"},"p":{"a":1,"k":[{"i":{"x":0.297,"y":1},"o":{"x":0.819,"y":0},"t":2,"s":[354,1409.503,0],"to":[-32.667,-204,0],"ti":[-246,69.503,0]},{"i":{"x":0.588,"y":1},"o":{"x":0.385,"y":0},"t":11,"s":[422,185.503,0],"to":[246,-69.503,0],"ti":[-22.737,-82.738,0]},{"i":{"x":0.667,"y":1},"o":{"x":0.333,"y":0},"t":29,"s":[1098,529.503,0],"to":[24,87.333,0],"ti":[-33.333,-80,0]},{"i":{"x":0.667,"y":1},"o":{"x":0.333,"y":0},"t":42,"s":[934,881.503,0],"to":[33.333,80,0],"ti":[-18.667,-77.333,0]},{"i":{"x":0.667,"y":1},"o":{"x":0.333,"y":0},"t":54,"s":[1298,1009.503,0],"to":[18.667,77.333,0],"ti":[4,-105.333,0]},{"i":{"x":0.667,"y":1},"o":{"x":0.333,"y":0},"t":66,"s":[1046,1345.503,0],"to":[-4,105.333,0],"ti":[-38,-49.333,0]},{"t":77,"s":[1274,1641.503,0]}],"ix":2,"l":2},"a":{"a":0,"k":[0,0,0],"ix":1,"l":2},"s":{"a":1,"k":[{"i":{"x":[0.667,0.667,0.667],"y":[1,1,1]},"o":{"x":[0.333,0.333,0.333],"y":[0,0,0]},"t":11,"s":[50,100,100]},{"i":{"x":[0.667,0.667,0.667],"y":[1,1,1]},"o":{"x":[0.333,0.333,0.333],"y":[0,0,0]},"t":16,"s":[60,0,100]},{"t":22,"s":[50,100,100]}],"ix":6,"l":2,"x":"var $bm_rt;\n$bm_rt = loopOut('pingpong');"}},"ao":0,"shapes":[{"ty":"gr","it":[{"ind":0,"ty":"sh","ix":1,"ks":{"a":0,"k":{"i":[[0,0],[0,0],[0,0],[0,0]],"o":[[0,0],[0,0],[0,0],[0,0]],"v":[[31.098,33.454],[-31.098,11.779],[-31.098,-33.454],[31.098,-11.779]],"c":true},"ix":2},"nm":"Path 1","mn":"ADBE Vector Shape - Group","hd":false},{"ty":"fl","c":{"a":0,"k":[0.956862804936,0.250980392157,0.788235353956,1],"ix":4},"o":{"a":0,"k":100,"ix":5},"r":1,"bm":0,"nm":"Fill 1","mn":"ADBE Vector Graphic - Fill","hd":false},{"ty":"tr","p":{"a":0,"k":[0,0],"ix":2},"a":{"a":0,"k":[0,0],"ix":1},"s":{"a":0,"k":[100,100],"ix":3},"r":{"a":0,"k":0,"ix":6},"o":{"a":0,"k":100,"ix":7},"sk":{"a":0,"k":0,"ix":4},"sa":{"a":0,"k":0,"ix":5},"nm":"Transform"}],"nm":"Group 1","np":2,"cix":2,"bm":0,"ix":1,"mn":"ADBE Vector Group","hd":false}],"ip":0,"op":77,"st":-1,"ct":1,"bm":0},{"ddd":0,"ind":5,"ty":4,"nm":"Star-2","sr":1,"ks":{"o":{"a":1,"k":[{"i":{"x":[0.667],"y":[1]},"o":{"x":[0.333],"y":[0]},"t":66,"s":[100]},{"t":77,"s":[0]}],"ix":11},"r":{"a":1,"k":[{"i":{"x":[0.667],"y":[1]},"o":{"x":[0.333],"y":[0]},"t":7,"s":[-42]},{"t":22,"s":[106]}],"ix":10,"x":"var $bm_rt;\n$bm_rt = loopOut('offset');"},"p":{"a":1,"k":[{"i":{"x":0.356,"y":1},"o":{"x":0.837,"y":0},"t":1,"s":[346,1377.503,0],"to":[133.333,-158,0],"ti":[-394.507,-310.087,0]},{"i":{"x":0.716,"y":0.939},"o":{"x":0.385,"y":0},"t":11,"s":[1146,429.503,0],"to":[78,98.497,0],"ti":[-36.089,-49.92,0]},{"i":{"x":0.588,"y":1},"o":{"x":0.414,"y":0.127},"t":24,"s":[955.911,842.08,0],"to":[36.089,49.92,0],"ti":[-54.737,-74.738,0]},{"i":{"x":0.667,"y":1},"o":{"x":0.333,"y":0},"t":37,"s":[1274,905.503,0],"to":[54.737,74.738,0],"ti":[-40,-49.333,0]},{"i":{"x":0.667,"y":1},"o":{"x":0.333,"y":0},"t":50,"s":[1010,1181.503,0],"to":[40,49.333,0],"ti":[-63.333,-64,0]},{"i":{"x":0.667,"y":1},"o":{"x":0.333,"y":0},"t":62,"s":[1406,1381.503,0],"to":[63.333,64,0],"ti":[-33.333,-102.667,0]},{"i":{"x":0.667,"y":1},"o":{"x":0.333,"y":0},"t":74,"s":[934,1557.503,0],"to":[33.333,102.667,0],"ti":[-68.667,-36.667,0]},{"t":85,"s":[1346,1777.503,0]}],"ix":2,"l":2},"a":{"a":0,"k":[0,0,0],"ix":1,"l":2},"s":{"a":1,"k":[{"i":{"x":[0.667,0.667,0.667],"y":[1,1,1]},"o":{"x":[0.333,0.333,0.333],"y":[0,0,0]},"t":11,"s":[50,100,100]},{"i":{"x":[0.667,0.667,0.667],"y":[1,1,1]},"o":{"x":[0.333,0.333,0.333],"y":[0,0,0]},"t":16,"s":[100,0,100]},{"t":22,"s":[50,100,100]}],"ix":6,"l":2,"x":"var $bm_rt;\n$bm_rt = loopOut('pingpong');"}},"ao":0,"shapes":[{"ty":"gr","it":[{"ind":0,"ty":"sh","ix":1,"ks":{"a":0,"k":{"i":[[0,0],[0,0],[0,0],[0,0],[0,0],[0,0],[0,0],[0,0],[0,0],[0,0]],"o":[[0,0],[0,0],[0,0],[0,0],[0,0],[0,0],[0,0],[0,0],[0,0],[0,0]],"v":[[0,-34.694],[11.273,-11.853],[36.48,-8.19],[18.24,9.589],[22.546,34.694],[0,22.841],[-22.546,34.694],[-18.24,9.589],[-36.48,-8.19],[-11.273,-11.853]],"c":true},"ix":2},"nm":"Path 1","mn":"ADBE Vector Shape - Group","hd":false},{"ty":"fl","c":{"a":0,"k":[0.180392156863,0.960784373564,0.498039245605,1],"ix":4},"o":{"a":0,"k":100,"ix":5},"r":1,"bm":0,"nm":"Fill 1","mn":"ADBE Vector Graphic - Fill","hd":false},{"ty":"tr","p":{"a":0,"k":[0,0],"ix":2},"a":{"a":0,"k":[0,0],"ix":1},"s":{"a":0,"k":[100,100],"ix":3},"r":{"a":0,"k":0,"ix":6},"o":{"a":0,"k":100,"ix":7},"sk":{"a":0,"k":0,"ix":4},"sa":{"a":0,"k":0,"ix":5},"nm":"Transform"}],"nm":"Group 1","np":2,"cix":2,"bm":0,"ix":1,"mn":"ADBE Vector Group","hd":false}],"ip":0,"op":85,"st":-1,"ct":1,"bm":0},{"ddd":0,"ind":6,"ty":4,"nm":"Squeare1","sr":1,"ks":{"o":{"a":1,"k":[{"i":{"x":[0.667],"y":[1]},"o":{"x":[0.333],"y":[0]},"t":66,"s":[100]},{"t":77,"s":[0]}],"ix":11},"r":{"a":1,"k":[{"i":{"x":[0.667],"y":[1]},"o":{"x":[0.333],"y":[0]},"t":7,"s":[-42]},{"t":22,"s":[106]}],"ix":10,"x":"var $bm_rt;\n$bm_rt = loopOut('offset');"},"p":{"a":1,"k":[{"i":{"x":0.356,"y":1},"o":{"x":0.837,"y":0},"t":1,"s":[502,1225.503,0],"to":[50.667,-172,0],"ti":[-252.636,13.1,0]},{"i":{"x":0.588,"y":1},"o":{"x":0.385,"y":0},"t":11,"s":[806,193.503,0],"to":[252.636,-13.1,0],"ti":[-22.737,-82.738,0]},{"i":{"x":0.667,"y":1},"o":{"x":0.333,"y":0},"t":29,"s":[1194,473.503,0],"to":[24,87.333,0],"ti":[-48,-100,0]},{"i":{"x":0.667,"y":1},"o":{"x":0.333,"y":0},"t":42,"s":[1178,841.503,0],"to":[48,100,0],"ti":[-7.333,-90.667,0]},{"i":{"x":0.667,"y":1},"o":{"x":0.333,"y":0},"t":54,"s":[1482,1073.503,0],"to":[7.333,90.667,0],"ti":[-2.667,-97.333,0]},{"i":{"x":0.667,"y":1},"o":{"x":0.333,"y":0},"t":66,"s":[1222,1385.503,0],"to":[2.667,97.333,0],"ti":[-46,-45.333,0]},{"t":77,"s":[1498,1657.503,0]}],"ix":2,"l":2},"a":{"a":0,"k":[0,0,0],"ix":1,"l":2},"s":{"a":1,"k":[{"i":{"x":[0.667,0.667,0.667],"y":[1,1,1]},"o":{"x":[0.333,0.333,0.333],"y":[0,0,0]},"t":11,"s":[50,100,100]},{"i":{"x":[0.667,0.667,0.667],"y":[1,1,1]},"o":{"x":[0.333,0.333,0.333],"y":[0,0,0]},"t":16,"s":[60,0,100]},{"t":22,"s":[50,100,100]}],"ix":6,"l":2,"x":"var $bm_rt;\n$bm_rt = loopOut('pingpong');"}},"ao":0,"shapes":[{"ty":"gr","it":[{"ind":0,"ty":"sh","ix":1,"ks":{"a":0,"k":{"i":[[0,0],[0,0],[0,0],[0,0]],"o":[[0,0],[0,0],[0,0],[0,0]],"v":[[31.098,33.454],[-31.098,11.779],[-31.098,-33.454],[31.098,-11.779]],"c":true},"ix":2},"nm":"Path 1","mn":"ADBE Vector Shape - Group","hd":false},{"ty":"fl","c":{"a":0,"k":[0.178592711804,0.960784313725,0.4961160398,1],"ix":4},"o":{"a":0,"k":100,"ix":5},"r":1,"bm":0,"nm":"Fill 1","mn":"ADBE Vector Graphic - Fill","hd":false},{"ty":"tr","p":{"a":0,"k":[0,0],"ix":2},"a":{"a":0,"k":[0,0],"ix":1},"s":{"a":0,"k":[100,100],"ix":3},"r":{"a":0,"k":0,"ix":6},"o":{"a":0,"k":100,"ix":7},"sk":{"a":0,"k":0,"ix":4},"sa":{"a":0,"k":0,"ix":5},"nm":"Transform"}],"nm":"Group 1","np":2,"cix":2,"bm":0,"ix":1,"mn":"ADBE Vector Group","hd":false}],"ip":0,"op":77,"st":-1,"ct":1,"bm":0}]}],"layers":[{"ddd":0,"ind":1,"ty":4,"nm":"Shine-16","sr":1,"ks":{"o":{"a":0,"k":100,"ix":11},"r":{"a":0,"k":0,"ix":10},"p":{"a":0,"k":[122.05,1549.769,0],"ix":2,"l":2},"a":{"a":0,"k":[288.05,685.769,0],"ix":1,"l":2},"s":{"a":1,"k":[{"i":{"x":[0.667,0.667,0.667],"y":[1,1,1]},"o":{"x":[0.333,0.333,0.333],"y":[0,0,0]},"t":112,"s":[0,0,100]},{"i":{"x":[0.667,0.667,0.667],"y":[1,1,1]},"o":{"x":[0.333,0.333,0.333],"y":[0,0,0]},"t":120,"s":[144,144,100]},{"t":129,"s":[0,0,100]}],"ix":6,"l":2}},"ao":0,"shapes":[{"ty":"gr","it":[{"ind":0,"ty":"sh","ix":1,"ks":{"a":0,"k":{"i":[[0,0],[0,0],[0,0],[0,0],[0,0],[0,0],[0,0],[0,0]],"o":[[0,0],[0,0],[0,0],[0,0],[0,0],[0,0],[0,0],[0,0]],"v":[[251.2,685.769],[278.15,695.669],[288.05,722.619],[297.95,695.669],[324.9,685.769],[297.95,675.869],[288.05,648.92],[278.15,675.869]],"c":true},"ix":2},"nm":"Path 1","mn":"ADBE Vector Shape - Group","hd":false},{"ty":"fl","c":{"a":0,"k":[0.996078491211,0.56862745098,0.180392156863,1],"ix":4},"o":{"a":0,"k":100,"ix":5},"r":1,"bm":0,"nm":"Fill 1","mn":"ADBE Vector Graphic - Fill","hd":false},{"ty":"tr","p":{"a":0,"k":[0,0],"ix":2},"a":{"a":0,"k":[0,0],"ix":1},"s":{"a":0,"k":[100,100],"ix":3},"r":{"a":0,"k":0,"ix":6},"o":{"a":0,"k":100,"ix":7},"sk":{"a":0,"k":0,"ix":4},"sa":{"a":0,"k":0,"ix":5},"nm":"Transform"}],"nm":"Group 1","np":2,"cix":2,"bm":0,"ix":1,"mn":"ADBE Vector Group","hd":false}],"ip":112,"op":201,"st":33,"ct":1,"bm":0},{"ddd":0,"ind":2,"ty":4,"nm":"Shine-15","sr":1,"ks":{"o":{"a":0,"k":100,"ix":11},"r":{"a":0,"k":0,"ix":10},"p":{"a":0,"k":[1326.05,1341.769,0],"ix":2,"l":2},"a":{"a":0,"k":[288.05,685.769,0],"ix":1,"l":2},"s":{"a":1,"k":[{"i":{"x":[0.667,0.667,0.667],"y":[1,1,1]},"o":{"x":[0.333,0.333,0.333],"y":[0,0,0]},"t":110,"s":[0,0,100]},{"i":{"x":[0.667,0.667,0.667],"y":[1,1,1]},"o":{"x":[0.333,0.333,0.333],"y":[0,0,0]},"t":118,"s":[144,144,100]},{"t":127,"s":[0,0,100]}],"ix":6,"l":2}},"ao":0,"shapes":[{"ty":"gr","it":[{"ind":0,"ty":"sh","ix":1,"ks":{"a":0,"k":{"i":[[0,0],[0,0],[0,0],[0,0],[0,0],[0,0],[0,0],[0,0]],"o":[[0,0],[0,0],[0,0],[0,0],[0,0],[0,0],[0,0],[0,0]],"v":[[251.2,685.769],[278.15,695.669],[288.05,722.619],[297.95,695.669],[324.9,685.769],[297.95,675.869],[288.05,648.92],[278.15,675.869]],"c":true},"ix":2},"nm":"Path 1","mn":"ADBE Vector Shape - Group","hd":false},{"ty":"fl","c":{"a":0,"k":[0.996078491211,0.56862745098,0.180392156863,1],"ix":4},"o":{"a":0,"k":100,"ix":5},"r":1,"bm":0,"nm":"Fill 1","mn":"ADBE Vector Graphic - Fill","hd":false},{"ty":"tr","p":{"a":0,"k":[0,0],"ix":2},"a":{"a":0,"k":[0,0],"ix":1},"s":{"a":0,"k":[100,100],"ix":3},"r":{"a":0,"k":0,"ix":6},"o":{"a":0,"k":100,"ix":7},"sk":{"a":0,"k":0,"ix":4},"sa":{"a":0,"k":0,"ix":5},"nm":"Transform"}],"nm":"Group 1","np":2,"cix":2,"bm":0,"ix":1,"mn":"ADBE Vector Group","hd":false}],"ip":110,"op":199,"st":31,"ct":1,"bm":0},{"ddd":0,"ind":3,"ty":4,"nm":"Shine-14","sr":1,"ks":{"o":{"a":0,"k":100,"ix":11},"r":{"a":0,"k":0,"ix":10},"p":{"a":0,"k":[518.05,1837.769,0],"ix":2,"l":2},"a":{"a":0,"k":[288.05,685.769,0],"ix":1,"l":2},"s":{"a":1,"k":[{"i":{"x":[0.667,0.667,0.667],"y":[1,1,1]},"o":{"x":[0.333,0.333,0.333],"y":[0,0,0]},"t":104,"s":[0,0,100]},{"i":{"x":[0.667,0.667,0.667],"y":[1,1,1]},"o":{"x":[0.333,0.333,0.333],"y":[0,0,0]},"t":112,"s":[144,144,100]},{"t":121,"s":[0,0,100]}],"ix":6,"l":2}},"ao":0,"shapes":[{"ty":"gr","it":[{"ind":0,"ty":"sh","ix":1,"ks":{"a":0,"k":{"i":[[0,0],[0,0],[0,0],[0,0],[0,0],[0,0],[0,0],[0,0]],"o":[[0,0],[0,0],[0,0],[0,0],[0,0],[0,0],[0,0],[0,0]],"v":[[251.2,685.769],[278.15,695.669],[288.05,722.619],[297.95,695.669],[324.9,685.769],[297.95,675.869],[288.05,648.92],[278.15,675.869]],"c":true},"ix":2},"nm":"Path 1","mn":"ADBE Vector Shape - Group","hd":false},{"ty":"fl","c":{"a":0,"k":[0.996078491211,0.56862745098,0.180392156863,1],"ix":4},"o":{"a":0,"k":100,"ix":5},"r":1,"bm":0,"nm":"Fill 1","mn":"ADBE Vector Graphic - Fill","hd":false},{"ty":"tr","p":{"a":0,"k":[0,0],"ix":2},"a":{"a":0,"k":[0,0],"ix":1},"s":{"a":0,"k":[100,100],"ix":3},"r":{"a":0,"k":0,"ix":6},"o":{"a":0,"k":100,"ix":7},"sk":{"a":0,"k":0,"ix":4},"sa":{"a":0,"k":0,"ix":5},"nm":"Transform"}],"nm":"Group 1","np":2,"cix":2,"bm":0,"ix":1,"mn":"ADBE Vector Group","hd":false}],"ip":104,"op":193,"st":25,"ct":1,"bm":0},{"ddd":0,"ind":4,"ty":4,"nm":"Shine-13","sr":1,"ks":{"o":{"a":0,"k":100,"ix":11},"r":{"a":0,"k":0,"ix":10},"p":{"a":0,"k":[1362.05,1521.769,0],"ix":2,"l":2},"a":{"a":0,"k":[288.05,685.769,0],"ix":1,"l":2},"s":{"a":1,"k":[{"i":{"x":[0.667,0.667,0.667],"y":[1,1,1]},"o":{"x":[0.333,0.333,0.333],"y":[0,0,0]},"t":104,"s":[0,0,100]},{"i":{"x":[0.667,0.667,0.667],"y":[1,1,1]},"o":{"x":[0.333,0.333,0.333],"y":[0,0,0]},"t":112,"s":[144,144,100]},{"t":121,"s":[0,0,100]}],"ix":6,"l":2}},"ao":0,"shapes":[{"ty":"gr","it":[{"ind":0,"ty":"sh","ix":1,"ks":{"a":0,"k":{"i":[[0,0],[0,0],[0,0],[0,0],[0,0],[0,0],[0,0],[0,0]],"o":[[0,0],[0,0],[0,0],[0,0],[0,0],[0,0],[0,0],[0,0]],"v":[[251.2,685.769],[278.15,695.669],[288.05,722.619],[297.95,695.669],[324.9,685.769],[297.95,675.869],[288.05,648.92],[278.15,675.869]],"c":true},"ix":2},"nm":"Path 1","mn":"ADBE Vector Shape - Group","hd":false},{"ty":"fl","c":{"a":0,"k":[0.996078491211,0.56862745098,0.180392156863,1],"ix":4},"o":{"a":0,"k":100,"ix":5},"r":1,"bm":0,"nm":"Fill 1","mn":"ADBE Vector Graphic - Fill","hd":false},{"ty":"tr","p":{"a":0,"k":[0,0],"ix":2},"a":{"a":0,"k":[0,0],"ix":1},"s":{"a":0,"k":[100,100],"ix":3},"r":{"a":0,"k":0,"ix":6},"o":{"a":0,"k":100,"ix":7},"sk":{"a":0,"k":0,"ix":4},"sa":{"a":0,"k":0,"ix":5},"nm":"Transform"}],"nm":"Group 1","np":2,"cix":2,"bm":0,"ix":1,"mn":"ADBE Vector Group","hd":false}],"ip":104,"op":193,"st":25,"ct":1,"bm":0},{"ddd":0,"ind":5,"ty":4,"nm":"Shine-12","sr":1,"ks":{"o":{"a":0,"k":100,"ix":11},"r":{"a":0,"k":0,"ix":10},"p":{"a":0,"k":[1442.05,1429.769,0],"ix":2,"l":2},"a":{"a":0,"k":[288.05,685.769,0],"ix":1,"l":2},"s":{"a":1,"k":[{"i":{"x":[0.667,0.667,0.667],"y":[1,1,1]},"o":{"x":[0.333,0.333,0.333],"y":[0,0,0]},"t":99,"s":[0,0,100]},{"i":{"x":[0.667,0.667,0.667],"y":[1,1,1]},"o":{"x":[0.333,0.333,0.333],"y":[0,0,0]},"t":107,"s":[100,100,100]},{"t":116,"s":[0,0,100]}],"ix":6,"l":2}},"ao":0,"shapes":[{"ty":"gr","it":[{"ind":0,"ty":"sh","ix":1,"ks":{"a":0,"k":{"i":[[0,0],[0,0],[0,0],[0,0],[0,0],[0,0],[0,0],[0,0]],"o":[[0,0],[0,0],[0,0],[0,0],[0,0],[0,0],[0,0],[0,0]],"v":[[251.2,685.769],[278.15,695.669],[288.05,722.619],[297.95,695.669],[324.9,685.769],[297.95,675.869],[288.05,648.92],[278.15,675.869]],"c":true},"ix":2},"nm":"Path 1","mn":"ADBE Vector Shape - Group","hd":false},{"ty":"fl","c":{"a":0,"k":[0.996078491211,0.56862745098,0.180392156863,1],"ix":4},"o":{"a":0,"k":100,"ix":5},"r":1,"bm":0,"nm":"Fill 1","mn":"ADBE Vector Graphic - Fill","hd":false},{"ty":"tr","p":{"a":0,"k":[0,0],"ix":2},"a":{"a":0,"k":[0,0],"ix":1},"s":{"a":0,"k":[100,100],"ix":3},"r":{"a":0,"k":0,"ix":6},"o":{"a":0,"k":100,"ix":7},"sk":{"a":0,"k":0,"ix":4},"sa":{"a":0,"k":0,"ix":5},"nm":"Transform"}],"nm":"Group 1","np":2,"cix":2,"bm":0,"ix":1,"mn":"ADBE Vector Group","hd":false}],"ip":99,"op":188,"st":20,"ct":1,"bm":0},{"ddd":0,"ind":6,"ty":4,"nm":"Shine-11","sr":1,"ks":{"o":{"a":0,"k":100,"ix":11},"r":{"a":0,"k":0,"ix":10},"p":{"a":0,"k":[338.05,1577.769,0],"ix":2,"l":2},"a":{"a":0,"k":[288.05,685.769,0],"ix":1,"l":2},"s":{"a":1,"k":[{"i":{"x":[0.667,0.667,0.667],"y":[1,1,1]},"o":{"x":[0.333,0.333,0.333],"y":[0,0,0]},"t":96,"s":[0,0,100]},{"i":{"x":[0.667,0.667,0.667],"y":[1,1,1]},"o":{"x":[0.333,0.333,0.333],"y":[0,0,0]},"t":104,"s":[100,100,100]},{"t":113,"s":[0,0,100]}],"ix":6,"l":2}},"ao":0,"shapes":[{"ty":"gr","it":[{"ind":0,"ty":"sh","ix":1,"ks":{"a":0,"k":{"i":[[0,0],[0,0],[0,0],[0,0],[0,0],[0,0],[0,0],[0,0]],"o":[[0,0],[0,0],[0,0],[0,0],[0,0],[0,0],[0,0],[0,0]],"v":[[251.2,685.769],[278.15,695.669],[288.05,722.619],[297.95,695.669],[324.9,685.769],[297.95,675.869],[288.05,648.92],[278.15,675.869]],"c":true},"ix":2},"nm":"Path 1","mn":"ADBE Vector Shape - Group","hd":false},{"ty":"fl","c":{"a":0,"k":[0.996078491211,0.56862745098,0.180392156863,1],"ix":4},"o":{"a":0,"k":100,"ix":5},"r":1,"bm":0,"nm":"Fill 1","mn":"ADBE Vector Graphic - Fill","hd":false},{"ty":"tr","p":{"a":0,"k":[0,0],"ix":2},"a":{"a":0,"k":[0,0],"ix":1},"s":{"a":0,"k":[100,100],"ix":3},"r":{"a":0,"k":0,"ix":6},"o":{"a":0,"k":100,"ix":7},"sk":{"a":0,"k":0,"ix":4},"sa":{"a":0,"k":0,"ix":5},"nm":"Transform"}],"nm":"Group 1","np":2,"cix":2,"bm":0,"ix":1,"mn":"ADBE Vector Group","hd":false}],"ip":96,"op":185,"st":17,"ct":1,"bm":0},{"ddd":0,"ind":7,"ty":4,"nm":"Shine-10","sr":1,"ks":{"o":{"a":0,"k":100,"ix":11},"r":{"a":0,"k":0,"ix":10},"p":{"a":0,"k":[254.05,1725.769,0],"ix":2,"l":2},"a":{"a":0,"k":[288.05,685.769,0],"ix":1,"l":2},"s":{"a":1,"k":[{"i":{"x":[0.667,0.667,0.667],"y":[1,1,1]},"o":{"x":[0.333,0.333,0.333],"y":[0,0,0]},"t":94,"s":[0,0,100]},{"i":{"x":[0.667,0.667,0.667],"y":[1,1,1]},"o":{"x":[0.333,0.333,0.333],"y":[0,0,0]},"t":102,"s":[265,265,100]},{"t":111,"s":[0,0,100]}],"ix":6,"l":2}},"ao":0,"shapes":[{"ty":"gr","it":[{"ind":0,"ty":"sh","ix":1,"ks":{"a":0,"k":{"i":[[0,0],[0,0],[0,0],[0,0],[0,0],[0,0],[0,0],[0,0]],"o":[[0,0],[0,0],[0,0],[0,0],[0,0],[0,0],[0,0],[0,0]],"v":[[251.2,685.769],[278.15,695.669],[288.05,722.619],[297.95,695.669],[324.9,685.769],[297.95,675.869],[288.05,648.92],[278.15,675.869]],"c":true},"ix":2},"nm":"Path 1","mn":"ADBE Vector Shape - Group","hd":false},{"ty":"fl","c":{"a":0,"k":[0.996078491211,0.56862745098,0.180392156863,1],"ix":4},"o":{"a":0,"k":100,"ix":5},"r":1,"bm":0,"nm":"Fill 1","mn":"ADBE Vector Graphic - Fill","hd":false},{"ty":"tr","p":{"a":0,"k":[0,0],"ix":2},"a":{"a":0,"k":[0,0],"ix":1},"s":{"a":0,"k":[100,100],"ix":3},"r":{"a":0,"k":0,"ix":6},"o":{"a":0,"k":100,"ix":7},"sk":{"a":0,"k":0,"ix":4},"sa":{"a":0,"k":0,"ix":5},"nm":"Transform"}],"nm":"Group 1","np":2,"cix":2,"bm":0,"ix":1,"mn":"ADBE Vector Group","hd":false}],"ip":94,"op":183,"st":15,"ct":1,"bm":0},{"ddd":0,"ind":8,"ty":4,"nm":"Shine-9","sr":1,"ks":{"o":{"a":0,"k":100,"ix":11},"r":{"a":0,"k":0,"ix":10},"p":{"a":0,"k":[1346.05,613.769,0],"ix":2,"l":2},"a":{"a":0,"k":[288.05,685.769,0],"ix":1,"l":2},"s":{"a":1,"k":[{"i":{"x":[0.667,0.667,0.667],"y":[1,1,1]},"o":{"x":[0.333,0.333,0.333],"y":[0,0,0]},"t":120,"s":[0,0,100]},{"i":{"x":[0.667,0.667,0.667],"y":[1,1,1]},"o":{"x":[0.333,0.333,0.333],"y":[0,0,0]},"t":128,"s":[144,144,100]},{"t":137,"s":[0,0,100]}],"ix":6,"l":2}},"ao":0,"shapes":[{"ty":"gr","it":[{"ind":0,"ty":"sh","ix":1,"ks":{"a":0,"k":{"i":[[0,0],[0,0],[0,0],[0,0],[0,0],[0,0],[0,0],[0,0]],"o":[[0,0],[0,0],[0,0],[0,0],[0,0],[0,0],[0,0],[0,0]],"v":[[251.2,685.769],[278.15,695.669],[288.05,722.619],[297.95,695.669],[324.9,685.769],[297.95,675.869],[288.05,648.92],[278.15,675.869]],"c":true},"ix":2},"nm":"Path 1","mn":"ADBE Vector Shape - Group","hd":false},{"ty":"fl","c":{"a":0,"k":[0.996078491211,0.56862745098,0.180392156863,1],"ix":4},"o":{"a":0,"k":100,"ix":5},"r":1,"bm":0,"nm":"Fill 1","mn":"ADBE Vector Graphic - Fill","hd":false},{"ty":"tr","p":{"a":0,"k":[0,0],"ix":2},"a":{"a":0,"k":[0,0],"ix":1},"s":{"a":0,"k":[100,100],"ix":3},"r":{"a":0,"k":0,"ix":6},"o":{"a":0,"k":100,"ix":7},"sk":{"a":0,"k":0,"ix":4},"sa":{"a":0,"k":0,"ix":5},"nm":"Transform"}],"nm":"Group 1","np":2,"cix":2,"bm":0,"ix":1,"mn":"ADBE Vector Group","hd":false}],"ip":120,"op":209,"st":41,"ct":1,"bm":0},{"ddd":0,"ind":9,"ty":4,"nm":"Shine-8","sr":1,"ks":{"o":{"a":0,"k":100,"ix":11},"r":{"a":0,"k":0,"ix":10},"p":{"a":0,"k":[146.05,941.769,0],"ix":2,"l":2},"a":{"a":0,"k":[288.05,685.769,0],"ix":1,"l":2},"s":{"a":1,"k":[{"i":{"x":[0.667,0.667,0.667],"y":[1,1,1]},"o":{"x":[0.333,0.333,0.333],"y":[0,0,0]},"t":114,"s":[0,0,100]},{"i":{"x":[0.667,0.667,0.667],"y":[1,1,1]},"o":{"x":[0.333,0.333,0.333],"y":[0,0,0]},"t":122,"s":[144,144,100]},{"t":131,"s":[0,0,100]}],"ix":6,"l":2}},"ao":0,"shapes":[{"ty":"gr","it":[{"ind":0,"ty":"sh","ix":1,"ks":{"a":0,"k":{"i":[[0,0],[0,0],[0,0],[0,0],[0,0],[0,0],[0,0],[0,0]],"o":[[0,0],[0,0],[0,0],[0,0],[0,0],[0,0],[0,0],[0,0]],"v":[[251.2,685.769],[278.15,695.669],[288.05,722.619],[297.95,695.669],[324.9,685.769],[297.95,675.869],[288.05,648.92],[278.15,675.869]],"c":true},"ix":2},"nm":"Path 1","mn":"ADBE Vector Shape - Group","hd":false},{"ty":"fl","c":{"a":0,"k":[0.996078491211,0.56862745098,0.180392156863,1],"ix":4},"o":{"a":0,"k":100,"ix":5},"r":1,"bm":0,"nm":"Fill 1","mn":"ADBE Vector Graphic - Fill","hd":false},{"ty":"tr","p":{"a":0,"k":[0,0],"ix":2},"a":{"a":0,"k":[0,0],"ix":1},"s":{"a":0,"k":[100,100],"ix":3},"r":{"a":0,"k":0,"ix":6},"o":{"a":0,"k":100,"ix":7},"sk":{"a":0,"k":0,"ix":4},"sa":{"a":0,"k":0,"ix":5},"nm":"Transform"}],"nm":"Group 1","np":2,"cix":2,"bm":0,"ix":1,"mn":"ADBE Vector Group","hd":false}],"ip":114,"op":203,"st":35,"ct":1,"bm":0},{"ddd":0,"ind":10,"ty":4,"nm":"Shine-7","sr":1,"ks":{"o":{"a":0,"k":100,"ix":11},"r":{"a":0,"k":0,"ix":10},"p":{"a":0,"k":[1414.05,409.769,0],"ix":2,"l":2},"a":{"a":0,"k":[288.05,685.769,0],"ix":1,"l":2},"s":{"a":1,"k":[{"i":{"x":[0.667,0.667,0.667],"y":[1,1,1]},"o":{"x":[0.333,0.333,0.333],"y":[0,0,0]},"t":113,"s":[0,0,100]},{"i":{"x":[0.667,0.667,0.667],"y":[1,1,1]},"o":{"x":[0.333,0.333,0.333],"y":[0,0,0]},"t":121,"s":[144,144,100]},{"t":130,"s":[0,0,100]}],"ix":6,"l":2}},"ao":0,"shapes":[{"ty":"gr","it":[{"ind":0,"ty":"sh","ix":1,"ks":{"a":0,"k":{"i":[[0,0],[0,0],[0,0],[0,0],[0,0],[0,0],[0,0],[0,0]],"o":[[0,0],[0,0],[0,0],[0,0],[0,0],[0,0],[0,0],[0,0]],"v":[[251.2,685.769],[278.15,695.669],[288.05,722.619],[297.95,695.669],[324.9,685.769],[297.95,675.869],[288.05,648.92],[278.15,675.869]],"c":true},"ix":2},"nm":"Path 1","mn":"ADBE Vector Shape - Group","hd":false},{"ty":"fl","c":{"a":0,"k":[0.996078491211,0.56862745098,0.180392156863,1],"ix":4},"o":{"a":0,"k":100,"ix":5},"r":1,"bm":0,"nm":"Fill 1","mn":"ADBE Vector Graphic - Fill","hd":false},{"ty":"tr","p":{"a":0,"k":[0,0],"ix":2},"a":{"a":0,"k":[0,0],"ix":1},"s":{"a":0,"k":[100,100],"ix":3},"r":{"a":0,"k":0,"ix":6},"o":{"a":0,"k":100,"ix":7},"sk":{"a":0,"k":0,"ix":4},"sa":{"a":0,"k":0,"ix":5},"nm":"Transform"}],"nm":"Group 1","np":2,"cix":2,"bm":0,"ix":1,"mn":"ADBE Vector Group","hd":false}],"ip":113,"op":202,"st":34,"ct":1,"bm":0},{"ddd":0,"ind":11,"ty":4,"nm":"Shine-6","sr":1,"ks":{"o":{"a":0,"k":100,"ix":11},"r":{"a":0,"k":0,"ix":10},"p":{"a":0,"k":[182.05,1121.769,0],"ix":2,"l":2},"a":{"a":0,"k":[288.05,685.769,0],"ix":1,"l":2},"s":{"a":1,"k":[{"i":{"x":[0.667,0.667,0.667],"y":[1,1,1]},"o":{"x":[0.333,0.333,0.333],"y":[0,0,0]},"t":108,"s":[0,0,100]},{"i":{"x":[0.667,0.667,0.667],"y":[1,1,1]},"o":{"x":[0.333,0.333,0.333],"y":[0,0,0]},"t":116,"s":[144,144,100]},{"t":125,"s":[0,0,100]}],"ix":6,"l":2}},"ao":0,"shapes":[{"ty":"gr","it":[{"ind":0,"ty":"sh","ix":1,"ks":{"a":0,"k":{"i":[[0,0],[0,0],[0,0],[0,0],[0,0],[0,0],[0,0],[0,0]],"o":[[0,0],[0,0],[0,0],[0,0],[0,0],[0,0],[0,0],[0,0]],"v":[[251.2,685.769],[278.15,695.669],[288.05,722.619],[297.95,695.669],[324.9,685.769],[297.95,675.869],[288.05,648.92],[278.15,675.869]],"c":true},"ix":2},"nm":"Path 1","mn":"ADBE Vector Shape - Group","hd":false},{"ty":"fl","c":{"a":0,"k":[0.996078491211,0.56862745098,0.180392156863,1],"ix":4},"o":{"a":0,"k":100,"ix":5},"r":1,"bm":0,"nm":"Fill 1","mn":"ADBE Vector Graphic - Fill","hd":false},{"ty":"tr","p":{"a":0,"k":[0,0],"ix":2},"a":{"a":0,"k":[0,0],"ix":1},"s":{"a":0,"k":[100,100],"ix":3},"r":{"a":0,"k":0,"ix":6},"o":{"a":0,"k":100,"ix":7},"sk":{"a":0,"k":0,"ix":4},"sa":{"a":0,"k":0,"ix":5},"nm":"Transform"}],"nm":"Group 1","np":2,"cix":2,"bm":0,"ix":1,"mn":"ADBE Vector Group","hd":false}],"ip":108,"op":197,"st":29,"ct":1,"bm":0},{"ddd":0,"ind":12,"ty":4,"nm":"Shine-4","sr":1,"ks":{"o":{"a":0,"k":100,"ix":11},"r":{"a":0,"k":0,"ix":10},"p":{"a":0,"k":[262.05,1029.769,0],"ix":2,"l":2},"a":{"a":0,"k":[288.05,685.769,0],"ix":1,"l":2},"s":{"a":1,"k":[{"i":{"x":[0.667,0.667,0.667],"y":[1,1,1]},"o":{"x":[0.333,0.333,0.333],"y":[0,0,0]},"t":105,"s":[0,0,100]},{"i":{"x":[0.667,0.667,0.667],"y":[1,1,1]},"o":{"x":[0.333,0.333,0.333],"y":[0,0,0]},"t":113,"s":[100,100,100]},{"t":122,"s":[0,0,100]}],"ix":6,"l":2}},"ao":0,"shapes":[{"ty":"gr","it":[{"ind":0,"ty":"sh","ix":1,"ks":{"a":0,"k":{"i":[[0,0],[0,0],[0,0],[0,0],[0,0],[0,0],[0,0],[0,0]],"o":[[0,0],[0,0],[0,0],[0,0],[0,0],[0,0],[0,0],[0,0]],"v":[[251.2,685.769],[278.15,695.669],[288.05,722.619],[297.95,695.669],[324.9,685.769],[297.95,675.869],[288.05,648.92],[278.15,675.869]],"c":true},"ix":2},"nm":"Path 1","mn":"ADBE Vector Shape - Group","hd":false},{"ty":"fl","c":{"a":0,"k":[0.996078491211,0.56862745098,0.180392156863,1],"ix":4},"o":{"a":0,"k":100,"ix":5},"r":1,"bm":0,"nm":"Fill 1","mn":"ADBE Vector Graphic - Fill","hd":false},{"ty":"tr","p":{"a":0,"k":[0,0],"ix":2},"a":{"a":0,"k":[0,0],"ix":1},"s":{"a":0,"k":[100,100],"ix":3},"r":{"a":0,"k":0,"ix":6},"o":{"a":0,"k":100,"ix":7},"sk":{"a":0,"k":0,"ix":4},"sa":{"a":0,"k":0,"ix":5},"nm":"Transform"}],"nm":"Group 1","np":2,"cix":2,"bm":0,"ix":1,"mn":"ADBE Vector Group","hd":false}],"ip":105,"op":194,"st":26,"ct":1,"bm":0},{"ddd":0,"ind":13,"ty":4,"nm":"Shine-5","sr":1,"ks":{"o":{"a":0,"k":100,"ix":11},"r":{"a":0,"k":0,"ix":10},"p":{"a":0,"k":[1502.05,697.769,0],"ix":2,"l":2},"a":{"a":0,"k":[288.05,685.769,0],"ix":1,"l":2},"s":{"a":1,"k":[{"i":{"x":[0.667,0.667,0.667],"y":[1,1,1]},"o":{"x":[0.333,0.333,0.333],"y":[0,0,0]},"t":103,"s":[0,0,100]},{"i":{"x":[0.667,0.667,0.667],"y":[1,1,1]},"o":{"x":[0.333,0.333,0.333],"y":[0,0,0]},"t":111,"s":[100,100,100]},{"t":120,"s":[0,0,100]}],"ix":6,"l":2}},"ao":0,"shapes":[{"ty":"gr","it":[{"ind":0,"ty":"sh","ix":1,"ks":{"a":0,"k":{"i":[[0,0],[0,0],[0,0],[0,0],[0,0],[0,0],[0,0],[0,0]],"o":[[0,0],[0,0],[0,0],[0,0],[0,0],[0,0],[0,0],[0,0]],"v":[[251.2,685.769],[278.15,695.669],[288.05,722.619],[297.95,695.669],[324.9,685.769],[297.95,675.869],[288.05,648.92],[278.15,675.869]],"c":true},"ix":2},"nm":"Path 1","mn":"ADBE Vector Shape - Group","hd":false},{"ty":"fl","c":{"a":0,"k":[0.996078491211,0.56862745098,0.180392156863,1],"ix":4},"o":{"a":0,"k":100,"ix":5},"r":1,"bm":0,"nm":"Fill 1","mn":"ADBE Vector Graphic - Fill","hd":false},{"ty":"tr","p":{"a":0,"k":[0,0],"ix":2},"a":{"a":0,"k":[0,0],"ix":1},"s":{"a":0,"k":[100,100],"ix":3},"r":{"a":0,"k":0,"ix":6},"o":{"a":0,"k":100,"ix":7},"sk":{"a":0,"k":0,"ix":4},"sa":{"a":0,"k":0,"ix":5},"nm":"Transform"}],"nm":"Group 1","np":2,"cix":2,"bm":0,"ix":1,"mn":"ADBE Vector Group","hd":false}],"ip":103,"op":192,"st":24,"ct":1,"bm":0},{"ddd":0,"ind":14,"ty":4,"nm":"Shine-3","sr":1,"ks":{"o":{"a":0,"k":100,"ix":11},"r":{"a":0,"k":0,"ix":10},"p":{"a":0,"k":[1418.05,845.769,0],"ix":2,"l":2},"a":{"a":0,"k":[288.05,685.769,0],"ix":1,"l":2},"s":{"a":1,"k":[{"i":{"x":[0.667,0.667,0.667],"y":[1,1,1]},"o":{"x":[0.333,0.333,0.333],"y":[0,0,0]},"t":102,"s":[0,0,100]},{"i":{"x":[0.667,0.667,0.667],"y":[1,1,1]},"o":{"x":[0.333,0.333,0.333],"y":[0,0,0]},"t":110,"s":[265,265,100]},{"t":119,"s":[0,0,100]}],"ix":6,"l":2}},"ao":0,"shapes":[{"ty":"gr","it":[{"ind":0,"ty":"sh","ix":1,"ks":{"a":0,"k":{"i":[[0,0],[0,0],[0,0],[0,0],[0,0],[0,0],[0,0],[0,0]],"o":[[0,0],[0,0],[0,0],[0,0],[0,0],[0,0],[0,0],[0,0]],"v":[[251.2,685.769],[278.15,695.669],[288.05,722.619],[297.95,695.669],[324.9,685.769],[297.95,675.869],[288.05,648.92],[278.15,675.869]],"c":true},"ix":2},"nm":"Path 1","mn":"ADBE Vector Shape - Group","hd":false},{"ty":"fl","c":{"a":0,"k":[0.996078491211,0.56862745098,0.180392156863,1],"ix":4},"o":{"a":0,"k":100,"ix":5},"r":1,"bm":0,"nm":"Fill 1","mn":"ADBE Vector Graphic - Fill","hd":false},{"ty":"tr","p":{"a":0,"k":[0,0],"ix":2},"a":{"a":0,"k":[0,0],"ix":1},"s":{"a":0,"k":[100,100],"ix":3},"r":{"a":0,"k":0,"ix":6},"o":{"a":0,"k":100,"ix":7},"sk":{"a":0,"k":0,"ix":4},"sa":{"a":0,"k":0,"ix":5},"nm":"Transform"}],"nm":"Group 1","np":2,"cix":2,"bm":0,"ix":1,"mn":"ADBE Vector Group","hd":false}],"ip":102,"op":191,"st":23,"ct":1,"bm":0},{"ddd":0,"ind":15,"ty":4,"nm":"Shine-2","sr":1,"ks":{"o":{"a":0,"k":100,"ix":11},"r":{"a":0,"k":0,"ix":10},"p":{"a":0,"k":[1114.05,185.769,0],"ix":2,"l":2},"a":{"a":0,"k":[288.05,685.769,0],"ix":1,"l":2},"s":{"a":1,"k":[{"i":{"x":[0.667,0.667,0.667],"y":[1,1,1]},"o":{"x":[0.333,0.333,0.333],"y":[0,0,0]},"t":98,"s":[0,0,100]},{"i":{"x":[0.667,0.667,0.667],"y":[1,1,1]},"o":{"x":[0.333,0.333,0.333],"y":[0,0,0]},"t":106,"s":[126,126,100]},{"t":115,"s":[0,0,100]}],"ix":6,"l":2}},"ao":0,"shapes":[{"ty":"gr","it":[{"ind":0,"ty":"sh","ix":1,"ks":{"a":0,"k":{"i":[[0,0],[0,0],[0,0],[0,0],[0,0],[0,0],[0,0],[0,0]],"o":[[0,0],[0,0],[0,0],[0,0],[0,0],[0,0],[0,0],[0,0]],"v":[[251.2,685.769],[278.15,695.669],[288.05,722.619],[297.95,695.669],[324.9,685.769],[297.95,675.869],[288.05,648.92],[278.15,675.869]],"c":true},"ix":2},"nm":"Path 1","mn":"ADBE Vector Shape - Group","hd":false},{"ty":"fl","c":{"a":0,"k":[0.996078491211,0.56862745098,0.180392156863,1],"ix":4},"o":{"a":0,"k":100,"ix":5},"r":1,"bm":0,"nm":"Fill 1","mn":"ADBE Vector Graphic - Fill","hd":false},{"ty":"tr","p":{"a":0,"k":[0,0],"ix":2},"a":{"a":0,"k":[0,0],"ix":1},"s":{"a":0,"k":[100,100],"ix":3},"r":{"a":0,"k":0,"ix":6},"o":{"a":0,"k":100,"ix":7},"sk":{"a":0,"k":0,"ix":4},"sa":{"a":0,"k":0,"ix":5},"nm":"Transform"}],"nm":"Group 1","np":2,"cix":2,"bm":0,"ix":1,"mn":"ADBE Vector Group","hd":false}],"ip":98,"op":187,"st":19,"ct":1,"bm":0},{"ddd":0,"ind":16,"ty":4,"nm":"Shine-1","sr":1,"ks":{"o":{"a":0,"k":100,"ix":11},"r":{"a":0,"k":0,"ix":10},"p":{"a":0,"k":[474.05,501.769,0],"ix":2,"l":2},"a":{"a":0,"k":[288.05,685.769,0],"ix":1,"l":2},"s":{"a":1,"k":[{"i":{"x":[0.667,0.667,0.667],"y":[1,1,1]},"o":{"x":[0.333,0.333,0.333],"y":[0,0,0]},"t":94,"s":[0,0,100]},{"i":{"x":[0.667,0.667,0.667],"y":[1,1,1]},"o":{"x":[0.333,0.333,0.333],"y":[0,0,0]},"t":102,"s":[149,149,100]},{"t":111,"s":[0,0,100]}],"ix":6,"l":2}},"ao":0,"shapes":[{"ty":"gr","it":[{"ind":0,"ty":"sh","ix":1,"ks":{"a":0,"k":{"i":[[0,0],[0,0],[0,0],[0,0],[0,0],[0,0],[0,0],[0,0]],"o":[[0,0],[0,0],[0,0],[0,0],[0,0],[0,0],[0,0],[0,0]],"v":[[251.2,685.769],[278.15,695.669],[288.05,722.619],[297.95,695.669],[324.9,685.769],[297.95,675.869],[288.05,648.92],[278.15,675.869]],"c":true},"ix":2},"nm":"Path 1","mn":"ADBE Vector Shape - Group","hd":false},{"ty":"fl","c":{"a":0,"k":[0.996078491211,0.56862745098,0.180392156863,1],"ix":4},"o":{"a":0,"k":100,"ix":5},"r":1,"bm":0,"nm":"Fill 1","mn":"ADBE Vector Graphic - Fill","hd":false},{"ty":"tr","p":{"a":0,"k":[0,0],"ix":2},"a":{"a":0,"k":[0,0],"ix":1},"s":{"a":0,"k":[100,100],"ix":3},"r":{"a":0,"k":0,"ix":6},"o":{"a":0,"k":100,"ix":7},"sk":{"a":0,"k":0,"ix":4},"sa":{"a":0,"k":0,"ix":5},"nm":"Transform"}],"nm":"Group 1","np":2,"cix":2,"bm":0,"ix":1,"mn":"ADBE Vector Group","hd":false}],"ip":94,"op":183,"st":15,"ct":1,"bm":0},{"ddd":0,"ind":17,"ty":4,"nm":"Shape Layer 3","sr":1,"ks":{"o":{"a":1,"k":[{"i":{"x":[0.667],"y":[1]},"o":{"x":[0.333],"y":[0]},"t":75,"s":[100]},{"t":86,"s":[0]}],"ix":11},"r":{"a":0,"k":19,"ix":10},"p":{"a":0,"k":[829.16,1871.715,0],"ix":2,"l":2},"a":{"a":0,"k":[-292.16,1151.715,0],"ix":1,"l":2},"s":{"a":0,"k":[-100,100,100],"ix":6,"l":2}},"ao":0,"shapes":[{"ty":"gr","it":[{"ind":0,"ty":"sh","ix":1,"ks":{"a":0,"k":{"i":[[-4,190],[-99.38,146.258],[54.356,-57.073],[-55.609,54.511],[43.736,-38.092],[-32.203,23.728],[50.002,-44],[-25.897,20.844],[34.997,-38],[-58.785,21.597],[69,-12],[-47.815,-6.621],[58,-5],[-33,-205]],"o":[[4,-190],[106,-156],[-40.001,42],[33.299,-32.642],[-62.002,54],[38.001,-27.999],[-43.543,38.317],[41.001,-33],[-30.275,32.872],[48.995,-18],[-63.49,11.042],[64.997,9],[-71.325,6.149],[13.973,86.803]],"v":[[-284,1174],[-48,544],[134.001,458],[117.609,361.488],[214.002,394],[211,302.999],[280.003,340],[275.003,265],[355.006,278],[371.005,208],[455,278],[499.003,203],[568,275],[701,333]],"c":false},"ix":2},"nm":"Path 1","mn":"ADBE Vector Shape - Group","hd":false},{"ty":"st","c":{"a":0,"k":[0.047058827269,0.662745098039,0.85882358925,1],"ix":3},"o":{"a":0,"k":100,"ix":4},"w":{"a":0,"k":16,"ix":5},"lc":1,"lj":1,"ml":4,"bm":0,"nm":"Stroke 1","mn":"ADBE Vector Graphic - Stroke","hd":false},{"ty":"tr","p":{"a":0,"k":[0,0],"ix":2},"a":{"a":0,"k":[0,0],"ix":1},"s":{"a":0,"k":[100,100],"ix":3},"r":{"a":0,"k":0,"ix":6},"o":{"a":0,"k":100,"ix":7},"sk":{"a":0,"k":0,"ix":4},"sa":{"a":0,"k":0,"ix":5},"nm":"Transform"}],"nm":"Shape 1","np":2,"cix":2,"bm":0,"ix":1,"mn":"ADBE Vector Group","hd":false},{"ty":"tm","s":{"a":1,"k":[{"i":{"x":[0.29],"y":[1]},"o":{"x":[0.72],"y":[0]},"t":23,"s":[0]},{"t":88,"s":[100]}],"ix":1},"e":{"a":1,"k":[{"i":{"x":[0.29],"y":[1]},"o":{"x":[0.72],"y":[0]},"t":21,"s":[0]},{"t":86,"s":[100]}],"ix":2},"o":{"a":0,"k":0,"ix":3},"m":1,"ix":2,"nm":"Trim Paths 1","mn":"ADBE Vector Filter - Trim","hd":false}],"ip":34,"op":141,"st":21,"ct":1,"bm":0},{"ddd":0,"ind":18,"ty":4,"nm":"Layer 4","sr":1,"ks":{"o":{"a":0,"k":100,"ix":11},"r":{"a":0,"k":17,"ix":10},"p":{"a":0,"k":[753.736,1645.231,0],"ix":2,"l":2},"a":{"a":0,"k":[2.992,313.281,0],"ix":1,"l":2},"s":{"a":0,"k":[-270,270,100],"ix":6,"l":2}},"ao":0,"shapes":[{"ty":"gr","it":[{"ind":0,"ty":"sh","ix":1,"ks":{"a":0,"k":{"i":[[-20.072,84.754],[-65.88,-57.931],[0,-18.888],[-0.186,-13.515],[0,-15.083],[0,-10.552],[0.437,-12.687],[0,-16.066],[0,-13.022],[0,-17.903],[-0.969,-13.819],[-6.736,-17.874],[22.621,-40.295]],"o":[[49.592,-209.404],[61.207,53.822],[0,24.456],[0.207,15.032],[0,15.083],[0,16.174],[-0.522,15.131],[0,16.066],[0,13.022],[0,17.901],[0.987,14.082],[9.008,23.904],[-12.067,21.496]],"v":[[-193.555,32.667],[42.999,-261.493],[-30.8,-158.056],[3.129,-124.178],[-22.596,-72.068],[9.068,-41.111],[-28.871,3.939],[10.03,36.584],[-24.894,75.794],[-4.435,106.228],[-35.069,136.411],[-4.97,177.423],[-11.402,321.037]],"c":false},"ix":2},"nm":"Path 1","mn":"ADBE Vector Shape - Group","hd":false},{"ty":"st","c":{"a":0,"k":[0.996078491211,0.56862745098,0.180392156863,1],"ix":3},"o":{"a":0,"k":100,"ix":4},"w":{"a":0,"k":7,"ix":5},"lc":1,"lj":1,"ml":10,"bm":0,"nm":"Stroke 1","mn":"ADBE Vector Graphic - Stroke","hd":false},{"ty":"tr","p":{"a":0,"k":[0,0],"ix":2},"a":{"a":0,"k":[0,0],"ix":1},"s":{"a":0,"k":[100,100],"ix":3},"r":{"a":0,"k":0,"ix":6},"o":{"a":0,"k":100,"ix":7},"sk":{"a":0,"k":0,"ix":4},"sa":{"a":0,"k":0,"ix":5},"nm":"Transform"}],"nm":"Group 1","np":2,"cix":2,"bm":0,"ix":1,"mn":"ADBE Vector Group","hd":false},{"ty":"tm","s":{"a":1,"k":[{"i":{"x":[0.28],"y":[1]},"o":{"x":[0.71],"y":[0]},"t":23,"s":[100]},{"t":88,"s":[0]}],"ix":1},"e":{"a":1,"k":[{"i":{"x":[0.28],"y":[1]},"o":{"x":[0.71],"y":[0]},"t":21,"s":[100]},{"t":86,"s":[0]}],"ix":2},"o":{"a":0,"k":0,"ix":3},"m":1,"ix":2,"nm":"Trim Paths 1","mn":"ADBE Vector Filter - Trim","hd":false}],"ip":34,"op":141,"st":21,"ct":1,"bm":0},{"ddd":0,"ind":19,"ty":4,"nm":"Shape Layer 2","sr":1,"ks":{"o":{"a":1,"k":[{"i":{"x":[0.667],"y":[1]},"o":{"x":[0.333],"y":[0]},"t":75,"s":[100]},{"t":86,"s":[0]}],"ix":11},"r":{"a":0,"k":0,"ix":10},"p":{"a":0,"k":[1251.5,1284.5,0],"ix":2,"l":2},"a":{"a":0,"k":[285.5,524.5,0],"ix":1,"l":2},"s":{"a":0,"k":[100,100,100],"ix":6,"l":2}},"ao":0,"shapes":[{"ty":"gr","it":[{"ind":0,"ty":"sh","ix":1,"ks":{"a":0,"k":{"i":[[80.179,172.3],[-99.38,146.258],[54.356,-57.073],[-55.609,54.511],[43.736,-38.092],[-32.203,23.728],[50.002,-44],[-25.897,20.844],[34.997,-38],[-58.786,21.597],[69,-12],[-47.815,-6.621],[58,-5],[-27,-449]],"o":[[-94,-201.999],[106,-156],[-40.001,42],[33.299,-32.642],[-62.001,54],[38.001,-27.999],[-43.543,38.317],[41.001,-33],[-30.275,32.872],[48.995,-18],[-63.49,11.042],[64.997,9],[-71.325,6.149],[5.277,87.762]],"v":[[28,1110],[-276,440],[-37.999,454],[-54.391,357.489],[42.002,390],[39.001,298.999],[108.003,336],[103.003,261],[183.006,274],[199.005,204],[283,274],[327.003,199],[396,271],[577,453]],"c":false},"ix":2},"nm":"Path 1","mn":"ADBE Vector Shape - Group","hd":false},{"ty":"st","c":{"a":0,"k":[0.178588867188,0.960754394531,0.49609375,1],"ix":3},"o":{"a":0,"k":100,"ix":4},"w":{"a":0,"k":16,"ix":5},"lc":1,"lj":1,"ml":4,"bm":0,"nm":"Stroke 1","mn":"ADBE Vector Graphic - Stroke","hd":false},{"ty":"tr","p":{"a":0,"k":[0,0],"ix":2},"a":{"a":0,"k":[0,0],"ix":1},"s":{"a":0,"k":[100,100],"ix":3},"r":{"a":0,"k":0,"ix":6},"o":{"a":0,"k":100,"ix":7},"sk":{"a":0,"k":0,"ix":4},"sa":{"a":0,"k":0,"ix":5},"nm":"Transform"}],"nm":"Shape 1","np":2,"cix":2,"bm":0,"ix":1,"mn":"ADBE Vector Group","hd":false},{"ty":"tm","s":{"a":1,"k":[{"i":{"x":[0.29],"y":[1]},"o":{"x":[0.72],"y":[0]},"t":23,"s":[0]},{"t":88,"s":[100]}],"ix":1},"e":{"a":1,"k":[{"i":{"x":[0.29],"y":[1]},"o":{"x":[0.72],"y":[0]},"t":21,"s":[0]},{"t":86,"s":[100]}],"ix":2},"o":{"a":0,"k":0,"ix":3},"m":1,"ix":2,"nm":"Trim Paths 1","mn":"ADBE Vector Filter - Trim","hd":false}],"ip":34,"op":141,"st":21,"ct":1,"bm":0},{"ddd":0,"ind":20,"ty":4,"nm":"Layer 1","sr":1,"ks":{"o":{"a":0,"k":100,"ix":11},"r":{"a":0,"k":-30,"ix":10},"p":{"a":0,"k":[552.766,1370.696,0],"ix":2,"l":2},"a":{"a":0,"k":[0,0,0],"ix":1,"l":2},"s":{"a":0,"k":[270,270,100],"ix":6,"l":2}},"ao":0,"shapes":[{"ty":"gr","it":[{"ind":0,"ty":"sh","ix":1,"ks":{"a":0,"k":{"i":[[-63.748,59.349],[0,-17.819],[0,-18.888],[-0.186,-13.515],[0,-15.083],[0,-10.551],[0.437,-12.687],[0,-16.066],[0,-13.022],[0,-17.904],[-0.969,-13.819],[-6.736,-17.875],[22.621,-40.295]],"o":[[110.484,-102.861],[0,17.818],[0,24.456],[0.206,15.032],[0,15.083],[0,16.174],[-0.522,15.131],[0,16.066],[0,13.022],[0,17.901],[0.987,14.082],[9.008,23.903],[-12.067,21.496]],"v":[[-151.811,-134.275],[-6.677,-205.418],[-30.8,-158.056],[3.129,-124.178],[-22.596,-72.069],[9.068,-41.111],[-28.871,3.939],[10.03,36.584],[-24.894,75.794],[-4.435,106.228],[-35.069,136.411],[-4.969,177.424],[-11.402,321.037]],"c":false},"ix":2},"nm":"Path 1","mn":"ADBE Vector Shape - Group","hd":false},{"ty":"st","c":{"a":0,"k":[0.995269775391,0.568115234375,0.181884765625,1],"ix":3},"o":{"a":0,"k":100,"ix":4},"w":{"a":0,"k":7,"ix":5},"lc":1,"lj":1,"ml":10,"bm":0,"nm":"Stroke 1","mn":"ADBE Vector Graphic - Stroke","hd":false},{"ty":"tr","p":{"a":0,"k":[0,0],"ix":2},"a":{"a":0,"k":[0,0],"ix":1},"s":{"a":0,"k":[100,100],"ix":3},"r":{"a":0,"k":0,"ix":6},"o":{"a":0,"k":100,"ix":7},"sk":{"a":0,"k":0,"ix":4},"sa":{"a":0,"k":0,"ix":5},"nm":"Transform"}],"nm":"Group 1","np":2,"cix":2,"bm":0,"ix":1,"mn":"ADBE Vector Group","hd":false},{"ty":"tm","s":{"a":1,"k":[{"i":{"x":[0.28],"y":[1]},"o":{"x":[0.71],"y":[0]},"t":23,"s":[100]},{"t":88,"s":[0]}],"ix":1},"e":{"a":1,"k":[{"i":{"x":[0.28],"y":[1]},"o":{"x":[0.71],"y":[0]},"t":21,"s":[100]},{"t":86,"s":[0]}],"ix":2},"o":{"a":0,"k":0,"ix":3},"m":1,"ix":2,"nm":"Trim Paths 1","mn":"ADBE Vector Filter - Trim","hd":false}],"ip":34,"op":141,"st":21,"ct":1,"bm":0},{"ddd":0,"ind":21,"ty":4,"nm":"Shape Layer 1","sr":1,"ks":{"o":{"a":1,"k":[{"i":{"x":[0.667],"y":[1]},"o":{"x":[0.333],"y":[0]},"t":75,"s":[100]},{"t":86,"s":[0]}],"ix":11},"r":{"a":0,"k":0,"ix":10},"p":{"a":0,"k":[1103.5,756.5,0],"ix":2,"l":2},"a":{"a":0,"k":[285.5,524.5,0],"ix":1,"l":2},"s":{"a":0,"k":[100,100,100],"ix":6,"l":2}},"ao":0,"shapes":[{"ty":"gr","it":[{"ind":0,"ty":"sh","ix":1,"ks":{"a":0,"k":{"i":[[37.71,186.263],[-202,256],[54.356,-57.073],[-55.609,54.511],[43.736,-38.092],[-32.203,23.728],[50.002,-44],[-25.897,20.844],[34.997,-38],[-58.785,21.597],[69,-12],[-47.815,-6.621],[58,-5],[-33,-205]],"o":[[-66,-326],[116.831,-148.063],[-40.001,42],[33.299,-32.642],[-62.002,54],[38.001,-27.999],[-43.543,38.317],[41.001,-33],[-30.275,32.872],[48.995,-18],[-63.49,11.042],[64.997,9],[-71.325,6.149],[13.973,86.803]],"v":[[180,1490],[-48,544],[134.001,458],[117.609,361.488],[214.002,394],[211,302.999],[280.003,340],[275.003,265],[355.006,278],[371.005,208],[455,278],[499.003,203],[568,275],[701,333]],"c":false},"ix":2},"nm":"Path 1","mn":"ADBE Vector Shape - Group","hd":false},{"ty":"st","c":{"a":0,"k":[0.047058827269,0.662745098039,0.85882358925,1],"ix":3},"o":{"a":0,"k":100,"ix":4},"w":{"a":0,"k":16,"ix":5},"lc":1,"lj":1,"ml":4,"bm":0,"nm":"Stroke 1","mn":"ADBE Vector Graphic - Stroke","hd":false},{"ty":"tr","p":{"a":0,"k":[0,0],"ix":2},"a":{"a":0,"k":[0,0],"ix":1},"s":{"a":0,"k":[100,100],"ix":3},"r":{"a":0,"k":0,"ix":6},"o":{"a":0,"k":100,"ix":7},"sk":{"a":0,"k":0,"ix":4},"sa":{"a":0,"k":0,"ix":5},"nm":"Transform"}],"nm":"Shape 1","np":2,"cix":2,"bm":0,"ix":1,"mn":"ADBE Vector Group","hd":false},{"ty":"tm","s":{"a":1,"k":[{"i":{"x":[0.29],"y":[1]},"o":{"x":[0.72],"y":[0]},"t":23,"s":[0]},{"t":88,"s":[100]}],"ix":1},"e":{"a":1,"k":[{"i":{"x":[0.29],"y":[1]},"o":{"x":[0.72],"y":[0]},"t":21,"s":[0]},{"t":86,"s":[100]}],"ix":2},"o":{"a":0,"k":0,"ix":3},"m":1,"ix":2,"nm":"Trim Paths 1","mn":"ADBE Vector Filter - Trim","hd":false}],"ip":34,"op":141,"st":21,"ct":1,"bm":0},{"ddd":0,"ind":22,"ty":0,"nm":"Deco-1","refId":"comp_0","sr":1,"ks":{"o":{"a":0,"k":100,"ix":11},"r":{"a":0,"k":0,"ix":10},"p":{"a":1,"k":[{"i":{"x":0.158,"y":1},"o":{"x":0.803,"y":0},"t":29,"s":[810,1449,0],"to":[0,-61.5,0],"ti":[0,61.5,0]},{"t":43,"s":[810,1080,0]}],"ix":2,"l":2},"a":{"a":0,"k":[810,1080,0],"ix":1,"l":2},"s":{"a":0,"k":[100,100,100],"ix":6,"l":2}},"ao":0,"w":1620,"h":2160,"ip":34,"op":108,"st":34,"bm":0},{"ddd":0,"ind":28,"ty":0,"nm":"Deco-L","refId":"comp_1","sr":1,"ks":{"o":{"a":0,"k":100,"ix":11},"r":{"a":0,"k":0,"ix":10},"p":{"a":0,"k":[958,1196,0],"ix":2,"l":2},"a":{"a":0,"k":[810,1080,0],"ix":1,"l":2},"s":{"a":0,"k":[-100,100,100],"ix":6,"l":2}},"ao":0,"w":1620,"h":2160,"ip":11,"op":93,"st":8,"bm":0},{"ddd":0,"ind":29,"ty":0,"nm":"Deco-L","refId":"comp_1","sr":1,"ks":{"o":{"a":0,"k":100,"ix":11},"r":{"a":0,"k":0,"ix":10},"p":{"a":0,"k":[682,1196,0],"ix":2,"l":2},"a":{"a":0,"k":[810,1080,0],"ix":1,"l":2},"s":{"a":0,"k":[100,100,100],"ix":6,"l":2}},"ao":0,"w":1620,"h":2160,"ip":3,"op":85,"st":0,"bm":0}],"markers":[]}